[22May2026 17:04:06.866] [main/INFO] [cpw.mods.modlauncher.Launcher/MODLAUNCHER]: ModLauncher running: args [--launchTarget, forgeserver, --fml.forgeVersion, 47.4.20, --fml.mcVersion, 1.20.1, --fml.forgeGroup, net.minecraftforge, --fml.mcpVersion, 20230612.114412, nogui]
[22May2026 17:04:06.869] [main/INFO] [cpw.mods.modlauncher.Launcher/MODLAUNCHER]: ModLauncher 10.0.9+10.0.9+main.dcd20f30 starting: java version 17.0.18 by Ubuntu; OS Linux arch amd64 version 6.8.0-1044-azure
[22May2026 17:04:09.503] [main/INFO] [net.minecraftforge.fml.loading.ImmediateWindowHandler/]: ImmediateWindowProvider not loading because launch target is forgeserver
[22May2026 17:04:09.510] [main/INFO] [com.teampotato.redirector.Redirector/]: Redirector CoreMod initialized successfully!
[22May2026 17:04:09.566] [main/INFO] [mixin/]: SpongePowered MIXIN Subsystem Version=0.8.5 Source=union:/workspaces/anashe-cherver/servidor_minecraft/libraries/org/spongepowered/mixin/0.8.5/mixin-0.8.5.jar%2365!/ Service=ModLauncher Env=SERVER
[22May2026 17:04:10.149] [main/WARN] [net.minecraftforge.fml.loading.moddiscovery.ModDiscoverer/SCAN]: Locator {mods folder locator at /workspaces/anashe-cherver/servidor_minecraft/mods} returned 1 files which are client-side-only mods, but we're on a dedicated server. They will be skipped!
[22May2026 17:04:10.288] [main/WARN] [net.minecraftforge.fml.loading.moddiscovery.ModFileParser/LOADING]: Mod file /workspaces/anashe-cherver/servidor_minecraft/libraries/net/minecraftforge/fmlcore/1.20.1-47.4.20/fmlcore-1.20.1-47.4.20.jar is missing mods.toml file
[22May2026 17:04:10.291] [main/WARN] [net.minecraftforge.fml.loading.moddiscovery.ModFileParser/LOADING]: Mod file /workspaces/anashe-cherver/servidor_minecraft/libraries/net/minecraftforge/javafmllanguage/1.20.1-47.4.20/javafmllanguage-1.20.1-47.4.20.jar is missing mods.toml file
[22May2026 17:04:10.293] [main/WARN] [net.minecraftforge.fml.loading.moddiscovery.ModFileParser/LOADING]: Mod file /workspaces/anashe-cherver/servidor_minecraft/libraries/net/minecraftforge/lowcodelanguage/1.20.1-47.4.20/lowcodelanguage-1.20.1-47.4.20.jar is missing mods.toml file
[22May2026 17:04:10.293] [main/WARN] [net.minecraftforge.fml.loading.moddiscovery.ModFileParser/LOADING]: Mod file /workspaces/anashe-cherver/servidor_minecraft/libraries/net/minecraftforge/mclanguage/1.20.1-47.4.20/mclanguage-1.20.1-47.4.20.jar is missing mods.toml file
[22May2026 17:04:10.915] [main/WARN] [net.minecraftforge.jarjar.selection.JarSelector/]: Attempted to select a dependency jar for JarJar which was passed in as source: yet_another_config_lib_v3. Using Mod File: /workspaces/anashe-cherver/servidor_minecraft/mods/yet_another_config_lib_v3-3.6.6+1.20.1-forge.jar
[22May2026 17:04:10.916] [main/INFO] [net.minecraftforge.fml.loading.moddiscovery.JarInJarDependencyLocator/]: Found 23 dependencies adding them to mods collection
[22May2026 17:04:10.949] [main/WARN] [net.minecraftforge.fml.loading.moddiscovery.ModFile/]: fdbosses-3.1.0.3-1.20.1.jar contains an invalid 'accessTransformers' TOML entry. Should be e.g. accessTransformers = ["META-INF/accesstransformer.cfg", "META-INF/extra_at.cfg"] or accessTransformers = [] for no ATs. Falling back to default.
[22May2026 17:04:11.006] [main/WARN] [net.minecraftforge.fml.loading.moddiscovery.ModFile/]: fdlib-1.0.9-1.20.1.jar contains an invalid 'accessTransformers' TOML entry. Should be e.g. accessTransformers = ["META-INF/accesstransformer.cfg", "META-INF/extra_at.cfg"] or accessTransformers = [] for no ATs. Falling back to default.
[22May2026 17:04:15.962] [main/INFO] [mixin/]: Compatibility level set to JAVA_17
[22May2026 17:04:15.984] [main/ERROR] [mixin/]: Mixin config mixins.duclib.json does not specify "minVersion" property
[22May2026 17:04:16.318] [main/ERROR] [mixin/]: Mixin config yacl.mixins.json does not specify "minVersion" property
[22May2026 17:04:16.401] [main/INFO] [mixin/]: Successfully loaded Mixin Connector [ca.spottedleaf.starlight.mixin.MixinConnector]
[22May2026 17:04:16.401] [main/INFO] [cpw.mods.modlauncher.LaunchServiceHandler/MODLAUNCHER]: Launching target 'forgeserver' with arguments [nogui]
[22May2026 17:04:16.630] [main/INFO] [ModernFix/]: Loaded configuration file for ModernFix 5.27.25+mc1.20.1: 108 options available, 5 override(s) found
[22May2026 17:04:16.631] [main/WARN] [ModernFix/]: Option 'mixin.perf.faster_item_rendering' overriden (by user configuration) to 'true'
[22May2026 17:04:16.631] [main/WARN] [ModernFix/]: Option 'mixin.perf.dynamic_resources' overriden (by user configuration) to 'true'
[22May2026 17:04:16.631] [main/WARN] [ModernFix/]: Option 'mixin.perf.deduplicate_location' overriden (by user configuration) to 'true'
[22May2026 17:04:16.631] [main/WARN] [ModernFix/]: Option 'mixin.perf.cache_upgraded_structures' overriden (by user configuration) to 'false'
[22May2026 17:04:16.631] [main/WARN] [ModernFix/]: Option 'mixin.perf.dynamic_structure_manager' overriden (by user configuration) to 'false'
[22May2026 17:04:16.631] [main/INFO] [ModernFix/]: Applying Nashorn fix
[22May2026 17:04:16.651] [main/INFO] [ModernFix/]: Applied Forge config corruption patch
[22May2026 17:04:16.671] [main/WARN] [mixin/]: Reference map 'mixins.epicskills.refmap.json' for mixins.epicskills.json could not be read. If this is a development environment you can ignore this message
[22May2026 17:04:16.691] [main/INFO] [com.teampotato.redirector.Redirector/]: Redirecting com/llamalad7/mixinextras/service/MixinExtrasVersion
[22May2026 17:04:16.706] [main/INFO] [com.teampotato.redirector.Redirector/]: Redirecting com/llamalad7/mixinextras/lib/semver/VersionParser$CharType
[22May2026 17:04:16.884] [main/WARN] [mixin/]: Reference map 'CerbonsAPI-Forge-1.20.1-forge-refmap.json' for cerbons_api.mixins.json could not be read. If this is a development environment you can ignore this message
[22May2026 17:04:16.892] [main/INFO] [com.teampotato.redirector.Redirector/]: Redirecting me/kall/duplicationless/mixinextras/service/MixinExtrasVersion
[22May2026 17:04:16.898] [main/INFO] [com.teampotato.redirector.Redirector/]: Redirecting me/kall/duplicationless/mixinextras/lib/semver/VersionParser$CharType
[22May2026 17:04:17.034] [main/WARN] [mixin/]: Reference map 'puzzlesaccessapi.common.refmap.json' for puzzlesaccessapi.common.mixins.json could not be read. If this is a development environment you can ignore this message
[22May2026 17:04:17.097] [main/WARN] [mixin/]: Reference map 'simplyswords-forge-refmap.json' for simplyswords.mixins.json could not be read. If this is a development environment you can ignore this message
[22May2026 17:04:17.262] [main/INFO] [com.teampotato.redirector.Redirector/]: Redirecting malte0811/ferritecore/mixin/config/FerriteMixinConfig$LithiumSupportState
[22May2026 17:04:17.301] [main/INFO] [com.teampotato.redirector.Redirector/]: Redirecting fuzs/puzzleslib/api/core/v1/ModLoader
[22May2026 17:04:17.321] [main/INFO] [Puzzles Lib/]: Loading 156 mods:
	- abyssal_corrupter 1.0.0
	- alexsmobs 1.22.9
	- alternate_current 1.7.0
	- ancientstructures 0.0.14
	- aquaculture 2.5.7
	- architectury 9.2.14
	- ardas_uncrafting_table 1.1
	- armoroftheages 1.3.15
	- artifacts 9.5.19
		\-- expandability 9.0.4
	- attributefix 21.0.5
	- attributeslib 1.3.7
	- balm 7.3.38
		\-- kuma_api 20.1.12
	- beefix 1.0.7
	- betteradvancements 0.4.2.59
	- betterdeserttemples 1.20-Forge-3.0.3
	- betterdungeons 1.20-Forge-4.0.4
	- betterendisland 1.20-Forge-2.0.6
	- betterfortresses 1.20-Forge-2.0.6
	- betterjungletemples 1.20-Forge-2.0.5
	- bettermineshafts 1.20-Forge-4.0.4
	- betteroceanmonuments 1.20-Forge-3.0.4
	- betterstrongholds 1.20-Forge-4.0.3
	- bettervillage 3.3.1
	- biomesoplenty 19.0.0.96
	- bonfires 1.2.20d
	- brazil_legends 1.5.0
	- brutalbosses 1.20.1-8.5
	- carryon 2.1.2.7
	- cdmoveset 2.0
	- cerbons_api 1.1.0
	- citadel 2.6.3
	- cloth_config 11.1.136
	- cristellib 1.1.6
	- cupboard 1.20.1-3.7
	- curios 5.14.1+1.20.1
	- dawnoftimebuilder 1.5.51
	- despawn_tweaker 1.20.1-1.0.0
	- disenchanting 2.2.3
	- doespotatotick 1.20.1-5.6.3
	- duclib 1.1.4
	- dungeonnowloading 2.2
	- duplicationless 1.20.1-1.1.6
	- easy_emerald 1.5.8
	- easyanvils 8.0.2
	- easymagic 8.0.1
	- easyshulkerboxes 8.0.2
		\-- puzzlesapi 8.1.6
	- effs 1.0.0
	- ember_and_icicle 0.1.2
	- endrem 5.3.3-R-1.20.1
	- epic_simply_swords 19
	- epicfight 20.14.17
	- epicskills 20.2.7
	- falchionmoveset 20.14.0
	- fastasyncworldsave 1.20.1-2.6
	- fastconfigapi 2.1.2
	- fastsuite 5.1.2
	- fdbosses 3.1.0.3
	- fdlib 1.0.9
	- ferritecore 6.0.1
	- feur_dungeon_spawner 1.4.5
	- fightsfrights 1.0.0
	- forge 47.4.20
	- forgottenruins 0.0.13
	- fragmentum 1.3.0
	- fromtheshadows 2.9
	- functionality 1.3.1
	- gateways 4.2.6
	- geckolib 4.8.3
	- glitchcore 0.0.1.1
	- gravestone 1.20.1-1.0.35
	- healingbed 1.20.1
	- hopo 1.2.2
	- hoporp 1.3.7c
	- hopour 1.1.4
	- icterine 1.3.0
	- illagerrevolutionmod 1.4}
	- incendium 5.3.5
	- inhabitants 1.1.1
	- invincible 20.14.8.2
	- ironchest 1.20.1-14.4.4
	- jamlib 1.3.6+1.20.1
	- jei 15.20.0.130
	- jeresources 1.4.0.247
	- jungle_treehouse_village 1.0.0
	- keebszs_battle_towers 0.6.0-1.20.1
	- konkrete 1.8.0
	- labellingcontainers 1.8.2
	- legendary_monsters 1.20.1
	- legendarycreatures 1.20.1-1.1.2.1
	- legionary 1.0.1
	- libraryferret 4.0.0
	- lithostitched 1.4.11
	- loot_journal 6.1.2
	- lootr 0.7.35.94
	- mes 2.0.3
	- minecraft 1.20.1
	- mmv 2.1.0
	- mns 2.0.4
	- modernfix 5.27.25+mc1.20.1
	- moogs_structures 1.1.0-1.20-1.20.4
	- moonlight 1.20-2.16.32
	- morehitboxes 1.9.2
	- mowziesmobs 1.8.2
	- mss 2.1.0
	- mtr 1.1.3
	- mutantmonsters 8.0.8
	- mvs 5.0.6
	- mythicmounts 20.1-7.4.2-forge
	- myths_of_the_sea 1.3.0
	- mythsandlegends 0.0.8.8
	- octolib 0.5.0.1
	- onlylooking 1.20.1-4.1.1
	- packetfixer 3.3.2
	- panascraftrpgmod 3.4
	- paraglider 20.1.3
	- placebo 8.6.3
	- primal 1.1.6
	- puzzleslib 8.1.33
		\-- puzzlesaccessapi 20.1.1
	- quark 4.0-462
	- recased 2.0.0-1.20.1
	- relics 0.8.0.13
	- repurposed_structures 7.1.23+1.20.1-forge
	- retraining 1.3.1
	- rightclickharvest 4.6.1+1.20.1
	- simplyswords 1.56.0-1.20.1
	- skyarena 1.3.6-1.20.1
	- sophisticatedbackpacks 3.24.39.1743
	- sophisticatedcore 1.3.35.1851
	- starlight 1.1.2+forge.1cda73c
	- supplementaries 1.20-3.1.43
		\-- mixinsquared 0.1.1
	- sword_soaring 20.14.2.8
	- t_and_t 0.0NONE
	- takesapillage 1.0.3
	- tectonic 3.0.17
	- terrablender 3.0.1.10
	- terralith 2.5.4
	- the_wandering_gambler_ii 1.0.0
	- threateningly_mobs 1.0.9.91
	- tradingpost 8.0.2
	- travelerscompass 4.0.01
	- travelerstitles 1.20-Forge-4.0.2
	- void_lib 1.1.6
	- waystones 14.1.20
	- wings_of_fire 1.0.0
	- wolm 1.1.0
	- wom 2.0.15
	- yet_another_config_lib_v3 3.6.6+1.20.1-forge
	- yo_hooks 4.0.0
	- yungsapi 1.20-Forge-4.0.6
	- zenith 1.1.1
	- zeta 1.0-31
[22May2026 17:04:17.361] [main/INFO] [dev.tonimatas.packetfixer.mixins.v1_19_4_forge.MixinPlugin/]: Packet Fixer forge 1.19.4-1.20.1 has been applied successfully.
[22May2026 17:04:17.388] [main/WARN] [mixin/]: Reference map 'cristellib-forge-refmap.json' for cristellib.mixins.json could not be read. If this is a development environment you can ignore this message
[22May2026 17:04:17.880] [main/INFO] [net.minecraftforge.coremod.CoreMod.placebo/COREMODLOG]: Patching IForgeItemStack#getEnchantmentLevel
[22May2026 17:04:17.897] [main/INFO] [net.minecraftforge.coremod.CoreMod.placebo/COREMODLOG]: Patching IForgeItemStack#getEnchantmentLevel
[22May2026 17:04:18.239] [main/ERROR] [net.minecraftforge.fml.loading.RuntimeDistCleaner/DISTXFORM]: Attempted to load class net/minecraft/client/gui/screens/Screen for invalid dist DEDICATED_SERVER
[22May2026 17:04:18.240] [main/WARN] [mixin/]: Error loading class: net/minecraft/client/gui/screens/Screen (java.lang.RuntimeException: Attempted to load class net/minecraft/client/gui/screens/Screen for invalid dist DEDICATED_SERVER)
[22May2026 17:04:18.240] [main/WARN] [mixin/]: @Mixin target net.minecraft.client.gui.screens.Screen was not found relics.mixins.json:ScreenMixin
[22May2026 17:04:18.764] [main/ERROR] [net.minecraftforge.fml.loading.RuntimeDistCleaner/DISTXFORM]: Attempted to load class net/minecraft/client/Minecraft for invalid dist DEDICATED_SERVER
[22May2026 17:04:18.765] [main/WARN] [mixin/]: Error loading class: net/minecraft/client/Minecraft (java.lang.RuntimeException: Attempted to load class net/minecraft/client/Minecraft for invalid dist DEDICATED_SERVER)
[22May2026 17:04:18.765] [main/WARN] [mixin/]: @Mixin target net.minecraft.client.Minecraft was not found fragmentum.mixins.json:MixinMinecraft
[22May2026 17:04:18.796] [main/ERROR] [net.minecraftforge.fml.loading.RuntimeDistCleaner/DISTXFORM]: Attempted to load class net/minecraft/client/renderer/ItemInHandRenderer for invalid dist DEDICATED_SERVER
[22May2026 17:04:18.796] [main/WARN] [mixin/]: Error loading class: net/minecraft/client/renderer/ItemInHandRenderer (java.lang.RuntimeException: Attempted to load class net/minecraft/client/renderer/ItemInHandRenderer for invalid dist DEDICATED_SERVER)
[22May2026 17:04:18.797] [main/WARN] [mixin/]: @Mixin target net.minecraft.client.renderer.ItemInHandRenderer was not found dungeonnowloading.forge.mixins.json:items.ItemInHandRendererMixin
[22May2026 17:04:19.137] [main/WARN] [mixin/]: Error loading class: net/minecraft/client/player/KeyboardInput (java.lang.ClassNotFoundException: net.minecraft.client.player.KeyboardInput)
[22May2026 17:04:19.138] [main/WARN] [mixin/]: @Mixin target net.minecraft.client.player.KeyboardInput was not found fdlib.mixins.json:KeyboardInputMixin
[22May2026 17:04:19.146] [main/ERROR] [net.minecraftforge.fml.loading.RuntimeDistCleaner/DISTXFORM]: Attempted to load class net/minecraft/client/Camera for invalid dist DEDICATED_SERVER
[22May2026 17:04:19.146] [main/WARN] [mixin/]: Error loading class: net/minecraft/client/Camera (java.lang.RuntimeException: Attempted to load class net/minecraft/client/Camera for invalid dist DEDICATED_SERVER)
[22May2026 17:04:19.146] [main/WARN] [mixin/]: @Mixin target net.minecraft.client.Camera was not found legendary_monsters.mixins.json:CameraInvoker
[22May2026 17:04:19.443] [main/WARN] [mixin/]: Error loading class: vectorwing/farmersdelight/common/block/TomatoVineBlock (java.lang.ClassNotFoundException: vectorwing.farmersdelight.common.block.TomatoVineBlock)
[22May2026 17:04:19.606] [main/WARN] [mixin/]: Error loading class: com/github/L_Ender/cataclysm/entity/InternalAnimationMonster/IABossMonsters/Ancient_Remnant/Ancient_Remnant_Entity (java.lang.ClassNotFoundException: com.github.L_Ender.cataclysm.entity.InternalAnimationMonster.IABossMonsters.Ancient_Remnant.Ancient_Remnant_Entity)
[22May2026 17:04:19.611] [main/WARN] [mixin/]: Error loading class: net/mcreator/borninchaosv/entity/BonescallerEntity (java.lang.ClassNotFoundException: net.mcreator.borninchaosv.entity.BonescallerEntity)
[22May2026 17:04:19.615] [main/WARN] [mixin/]: Error loading class: net/mcreator/borninchaosv/entity/DireHoundLeaderEntity (java.lang.ClassNotFoundException: net.mcreator.borninchaosv.entity.DireHoundLeaderEntity)
[22May2026 17:04:19.619] [main/WARN] [mixin/]: Error loading class: com/github/L_Ender/cataclysm/entity/AnimationMonster/BossMonsters/Ender_Guardian_Entity (java.lang.ClassNotFoundException: com.github.L_Ender.cataclysm.entity.AnimationMonster.BossMonsters.Ender_Guardian_Entity)
[22May2026 17:04:19.624] [main/WARN] [mixin/]: Error loading class: com/eeeab/eeeabsmobs/sever/entity/corpse/EntityCorpseWarlock (java.lang.ClassNotFoundException: com.eeeab.eeeabsmobs.sever.entity.corpse.EntityCorpseWarlock)
[22May2026 17:04:19.628] [main/WARN] [mixin/]: Error loading class: com/eeeab/eeeabsmobs/sever/entity/guling/EntityGulingSentinelHeavy (java.lang.ClassNotFoundException: com.eeeab.eeeabsmobs.sever.entity.guling.EntityGulingSentinelHeavy)
[22May2026 17:04:19.634] [main/WARN] [mixin/]: Error loading class: com/majruszsdifficulty/treasurebag/listeners/KillRewarder (java.lang.ClassNotFoundException: com.majruszsdifficulty.treasurebag.listeners.KillRewarder)
[22May2026 17:04:19.640] [main/WARN] [mixin/]: Error loading class: com/github/L_Ender/cataclysm/entity/InternalAnimationMonster/IABossMonsters/Maledictus/Maledictus_Entity (java.lang.ClassNotFoundException: com.github.L_Ender.cataclysm.entity.InternalAnimationMonster.IABossMonsters.Maledictus.Maledictus_Entity)
[22May2026 17:04:19.647] [main/WARN] [mixin/]: Error loading class: net/mcreator/borninchaosv/entity/MotherSpiderEntity (java.lang.ClassNotFoundException: net.mcreator.borninchaosv.entity.MotherSpiderEntity)
[22May2026 17:04:19.656] [main/WARN] [mixin/]: Error loading class: com/github/L_Ender/cataclysm/entity/InternalAnimationMonster/IABossMonsters/NewNetherite_Monstrosity/Netherite_Monstrosity_Entity (java.lang.ClassNotFoundException: com.github.L_Ender.cataclysm.entity.InternalAnimationMonster.IABossMonsters.NewNetherite_Monstrosity.Netherite_Monstrosity_Entity)
[22May2026 17:04:19.661] [main/WARN] [mixin/]: Error loading class: com/github/L_Ender/cataclysm/entity/InternalAnimationMonster/IABossMonsters/Scylla/Scylla_Entity (java.lang.ClassNotFoundException: com.github.L_Ender.cataclysm.entity.InternalAnimationMonster.IABossMonsters.Scylla.Scylla_Entity)
[22May2026 17:04:19.666] [main/WARN] [mixin/]: Error loading class: net/mcreator/borninchaosv/entity/SiameseSkeletonsEntity (java.lang.ClassNotFoundException: net.mcreator.borninchaosv.entity.SiameseSkeletonsEntity)
[22May2026 17:04:19.670] [main/WARN] [mixin/]: Error loading class: net/mcreator/borninchaosv/entity/SiameseSkeletonsleftEntity (java.lang.ClassNotFoundException: net.mcreator.borninchaosv.entity.SiameseSkeletonsleftEntity)
[22May2026 17:04:19.674] [main/WARN] [mixin/]: Error loading class: net/mcreator/borninchaosv/entity/SiameseSkeletonsrightEntity (java.lang.ClassNotFoundException: net.mcreator.borninchaosv.entity.SiameseSkeletonsrightEntity)
[22May2026 17:04:19.689] [main/WARN] [mixin/]: Error loading class: net/mcreator/borninchaosv/entity/SpiritGuideEntity (java.lang.ClassNotFoundException: net.mcreator.borninchaosv.entity.SpiritGuideEntity)
[22May2026 17:04:19.700] [main/WARN] [mixin/]: Error loading class: net/mcreator/borninchaosv/entity/SupremeBonescallerEntity (java.lang.ClassNotFoundException: net.mcreator.borninchaosv.entity.SupremeBonescallerEntity)
[22May2026 17:04:19.703] [main/WARN] [mixin/]: Error loading class: com/github/L_Ender/cataclysm/entity/AnimationMonster/BossMonsters/The_Harbinger_Entity (java.lang.ClassNotFoundException: com.github.L_Ender.cataclysm.entity.AnimationMonster.BossMonsters.The_Harbinger_Entity)
[22May2026 17:04:19.707] [main/WARN] [mixin/]: Error loading class: com/Polarice3/Goety/common/entities/boss/Vizier (java.lang.ClassNotFoundException: com.Polarice3.Goety.common.entities.boss.Vizier)
[22May2026 17:04:20.189] [main/WARN] [mixin/]: Error loading class: com/mojang/blaze3d/platform/InputConstants$Key (java.lang.ClassNotFoundException: com.mojang.blaze3d.platform.InputConstants$Key)
[22May2026 17:04:20.333] [main/ERROR] [net.minecraftforge.fml.loading.RuntimeDistCleaner/DISTXFORM]: Attempted to load class com/mojang/blaze3d/vertex/PoseStack$Pose for invalid dist DEDICATED_SERVER
[22May2026 17:04:20.334] [main/WARN] [mixin/]: Error loading class: com/mojang/blaze3d/vertex/PoseStack$Pose (java.lang.RuntimeException: Attempted to load class com/mojang/blaze3d/vertex/PoseStack$Pose for invalid dist DEDICATED_SERVER)
[22May2026 17:04:20.337] [Thread-0/INFO] [STDERR/]: [java.lang.ThreadGroup:uncaughtException:1077]: java.util.ConcurrentModificationException
[22May2026 17:04:20.339] [Thread-0/INFO] [STDERR/]: [java.lang.ThreadGroup:uncaughtException:1077]: 	at java.base/java.util.HashMap$HashIterator.nextNode(HashMap.java:1597)
[22May2026 17:04:20.341] [Thread-0/INFO] [STDERR/]: [java.lang.ThreadGroup:uncaughtException:1077]: 	at java.base/java.util.HashMap$ValueIterator.next(HashMap.java:1625)
[22May2026 17:04:20.342] [Thread-0/INFO] [STDERR/]: [java.lang.ThreadGroup:uncaughtException:1077]: 	at MC-BOOTSTRAP/cpw.mods.modlauncher@10.0.9/cpw.mods.modlauncher.LaunchPluginHandler.computeLaunchPluginTransformerSet(LaunchPluginHandler.java:68)
[22May2026 17:04:20.343] [Thread-0/INFO] [STDERR/]: [java.lang.ThreadGroup:uncaughtException:1077]: 	at MC-BOOTSTRAP/cpw.mods.modlauncher@10.0.9/cpw.mods.modlauncher.ClassTransformer.transform(ClassTransformer.java:64)
[22May2026 17:04:20.343] [Thread-0/INFO] [STDERR/]: [java.lang.ThreadGroup:uncaughtException:1077]: 	at MC-BOOTSTRAP/cpw.mods.modlauncher@10.0.9/cpw.mods.modlauncher.TransformingClassLoader.maybeTransformClassBytes(TransformingClassLoader.java:50)
[22May2026 17:04:20.346] [Thread-0/INFO] [STDERR/]: [java.lang.ThreadGroup:uncaughtException:1077]: 	at cpw.mods.securejarhandler/cpw.mods.cl.ModuleClassLoader.readerToClass(ModuleClassLoader.java:113)
[22May2026 17:04:20.347] [Thread-0/INFO] [STDERR/]: [java.lang.ThreadGroup:uncaughtException:1077]: 	at cpw.mods.securejarhandler/cpw.mods.cl.ModuleClassLoader.lambda$findClass$15(ModuleClassLoader.java:219)
[22May2026 17:04:20.347] [Thread-0/INFO] [STDERR/]: [java.lang.ThreadGroup:uncaughtException:1077]: 	at cpw.mods.securejarhandler/cpw.mods.cl.ModuleClassLoader.loadFromModule(ModuleClassLoader.java:229)
[22May2026 17:04:20.347] [Thread-0/INFO] [STDERR/]: [java.lang.ThreadGroup:uncaughtException:1077]: 	at cpw.mods.securejarhandler/cpw.mods.cl.ModuleClassLoader.findClass(ModuleClassLoader.java:219)
[22May2026 17:04:20.347] [Thread-0/INFO] [STDERR/]: [java.lang.ThreadGroup:uncaughtException:1077]: 	at cpw.mods.securejarhandler/cpw.mods.cl.ModuleClassLoader.loadClass(ModuleClassLoader.java:135)
[22May2026 17:04:20.347] [Thread-0/INFO] [STDERR/]: [java.lang.ThreadGroup:uncaughtException:1077]: 	at java.base/java.lang.ClassLoader.loadClass(ClassLoader.java:525)
[22May2026 17:04:20.348] [Thread-0/INFO] [STDERR/]: [java.lang.ThreadGroup:uncaughtException:1077]: 	at TRANSFORMER/modernfix@5.27.25+mc1.20.1/org.embeddedt.modernfix.forge.config.NightConfigWatchThrottler$1.values(NightConfigWatchThrottler.java:37)
[22May2026 17:04:20.348] [Thread-0/INFO] [STDERR/]: [java.lang.ThreadGroup:uncaughtException:1077]: 	at MC-BOOTSTRAP/com.electronwill.nightconfig.core@3.6.4/com.electronwill.nightconfig.core.file.FileWatcher$WatcherThread.run(FileWatcher.java:162)
[22May2026 17:04:20.349] [main/INFO] [MixinExtras|Service/]: Initializing MixinExtras via me.kall.duplicationless.mixinextras.service.MixinExtrasServiceImpl(version=0.5.3).
[22May2026 17:04:20.655] [main/INFO] [com.teampotato.redirector.Redirector/]: Redirecting net/minecraft/util/Unit
[22May2026 17:04:20.690] [main/INFO] [com.teampotato.redirector.Redirector/]: Redirecting net/minecraft/ChatFormatting
[22May2026 17:04:21.252] [main/INFO] [net.minecraft.server.Bootstrap/]: ModernFix reached bootstrap stage (17.02 s after launch)
[22May2026 17:04:21.603] [main/INFO] [com.teampotato.redirector.Redirector/]: Redirecting net/minecraft/Util$IdentityStrategy
[22May2026 17:04:21.722] [main/INFO] [com.teampotato.redirector.Redirector/]: Redirecting net/minecraft/core/Holder$Reference$Type
[22May2026 17:04:21.781] [main/WARN] [mixin/]: @Final field delegatesByName:Ljava/util/Map; in modernfix-modernfix.mixins.json:perf.forge_registry_alloc.ForgeRegistryMixin should be final
[22May2026 17:04:21.783] [main/WARN] [mixin/]: @Final field delegatesByValue:Ljava/util/Map; in modernfix-modernfix.mixins.json:perf.forge_registry_alloc.ForgeRegistryMixin should be final
[22May2026 17:04:22.016] [main/INFO] [ModernFix/]: Injecting BlockStateBase cache population hook into getOpacityIfCached from ca.spottedleaf.starlight.mixin.common.blockstate.BlockStateBaseMixin
[22May2026 17:04:22.017] [main/INFO] [ModernFix/]: Injecting BlockStateBase cache population hook into isConditionallyFullOpaque from ca.spottedleaf.starlight.mixin.common.blockstate.BlockStateBaseMixin
[22May2026 17:04:22.613] [main/INFO] [net.minecraftforge.coremod.CoreMod.placebo/COREMODLOG]: Patching IForgeItemStack#getEnchantmentLevel
[22May2026 17:04:22.614] [main/INFO] [net.minecraftforge.coremod.CoreMod.placebo/COREMODLOG]: Patching IForgeItemStack#getEnchantmentLevel
[22May2026 17:04:23.410] [main/INFO] [com.teampotato.redirector.Redirector/]: Redirecting net/minecraft/core/Direction
[22May2026 17:04:23.413] [main/INFO] [com.teampotato.redirector.Redirector/]: Redirecting net/minecraft/core/Direction$AxisDirection
[22May2026 17:04:23.414] [main/INFO] [com.teampotato.redirector.Redirector/]: Redirecting net/minecraft/core/Direction$Axis
[22May2026 17:04:23.582] [main/INFO] [com.teampotato.redirector.Redirector/]: Redirecting net/minecraft/core/Direction$Plane
[22May2026 17:04:23.584] [main/INFO] [com.teampotato.redirector.Redirector/]: Redirecting net/minecraft/core/FrontAndTop
[22May2026 17:04:23.593] [main/INFO] [com.teampotato.redirector.Redirector/]: Redirecting net/minecraft/world/level/block/state/properties/AttachFace
[22May2026 17:04:23.595] [main/INFO] [com.teampotato.redirector.Redirector/]: Redirecting net/minecraft/world/level/block/state/properties/BellAttachType
[22May2026 17:04:23.595] [main/INFO] [com.teampotato.redirector.Redirector/]: Redirecting net/minecraft/world/level/block/state/properties/WallSide
[22May2026 17:04:23.596] [main/INFO] [com.teampotato.redirector.Redirector/]: Redirecting net/minecraft/world/level/block/state/properties/RedstoneSide
[22May2026 17:04:23.597] [main/INFO] [com.teampotato.redirector.Redirector/]: Redirecting net/minecraft/world/level/block/state/properties/DoubleBlockHalf
[22May2026 17:04:23.597] [main/INFO] [com.teampotato.redirector.Redirector/]: Redirecting net/minecraft/world/level/block/state/properties/Half
[22May2026 17:04:23.598] [main/INFO] [com.teampotato.redirector.Redirector/]: Redirecting net/minecraft/world/level/block/state/properties/RailShape
[22May2026 17:04:23.601] [main/INFO] [com.teampotato.redirector.Redirector/]: Redirecting net/minecraft/world/level/block/state/properties/BedPart
[22May2026 17:04:23.601] [main/INFO] [com.teampotato.redirector.Redirector/]: Redirecting net/minecraft/world/level/block/state/properties/ChestType
[22May2026 17:04:23.602] [main/INFO] [com.teampotato.redirector.Redirector/]: Redirecting net/minecraft/world/level/block/state/properties/ComparatorMode
[22May2026 17:04:23.603] [main/INFO] [com.teampotato.redirector.Redirector/]: Redirecting net/minecraft/world/level/block/state/properties/DoorHingeSide
[22May2026 17:04:23.604] [main/INFO] [com.teampotato.redirector.Redirector/]: Redirecting net/minecraft/world/level/block/state/properties/NoteBlockInstrument
[22May2026 17:04:23.681] [main/INFO] [com.teampotato.redirector.Redirector/]: Redirecting net/minecraft/world/level/block/state/properties/NoteBlockInstrument$Type
[22May2026 17:04:23.683] [main/INFO] [com.teampotato.redirector.Redirector/]: Redirecting net/minecraft/world/level/block/state/properties/PistonType
[22May2026 17:04:23.683] [main/INFO] [com.teampotato.redirector.Redirector/]: Redirecting net/minecraft/world/level/block/state/properties/SlabType
[22May2026 17:04:23.684] [main/INFO] [com.teampotato.redirector.Redirector/]: Redirecting net/minecraft/world/level/block/state/properties/StairsShape
[22May2026 17:04:23.685] [main/INFO] [com.teampotato.redirector.Redirector/]: Redirecting net/minecraft/world/level/block/state/properties/StructureMode
[22May2026 17:04:23.689] [main/INFO] [com.teampotato.redirector.Redirector/]: Redirecting net/minecraft/world/level/block/state/properties/BambooLeaves
[22May2026 17:04:23.690] [main/INFO] [com.teampotato.redirector.Redirector/]: Redirecting net/minecraft/world/level/block/state/properties/Tilt
[22May2026 17:04:23.690] [main/INFO] [com.teampotato.redirector.Redirector/]: Redirecting net/minecraft/world/level/block/state/properties/DripstoneThickness
[22May2026 17:04:23.691] [main/INFO] [com.teampotato.redirector.Redirector/]: Redirecting net/minecraft/world/level/block/state/properties/SculkSensorPhase
[22May2026 17:04:24.114] [main/INFO] [com.teampotato.redirector.Redirector/]: Redirecting net/minecraft/world/level/material/PushReaction
[22May2026 17:04:24.276] [main/INFO] [com.teampotato.redirector.Redirector/]: Redirecting net/minecraft/world/level/block/state/BlockBehaviour$OffsetType
[22May2026 17:04:24.279] [main/INFO] [com.teampotato.redirector.Redirector/]: Redirecting net/minecraft/world/level/pathfinder/PathComputationType
[22May2026 17:04:24.346] [main/INFO] [com.teampotato.redirector.Redirector/]: Redirecting net/minecraftforge/network/NetworkDirection
[22May2026 17:04:24.460] [main/INFO] [net.minecraft.server.Bootstrap/]: Vanilla bootstrap took 3189 milliseconds
[22May2026 17:04:24.485] [main/INFO] [com.teampotato.redirector.Redirector/]: Redirecting net/minecraft/world/item/DyeColor
[22May2026 17:04:24.488] [main/INFO] [com.teampotato.redirector.Redirector/]: Redirecting net/minecraft/util/ByIdMap$OutOfBoundsStrategy
[22May2026 17:04:24.710] [main/INFO] [com.teampotato.redirector.Redirector/]: Redirecting net/minecraft/world/effect/MobEffectCategory
[22May2026 17:04:24.714] [main/INFO] [com.teampotato.redirector.Redirector/]: Redirecting net/minecraft/world/entity/ai/attributes/AttributeModifier$Operation
[22May2026 17:04:24.900] [main/INFO] [net.minecraftforge.coremod.CoreMod.placebo/COREMODLOG]: Patching IForgeItemStack#getEnchantmentLevel
[22May2026 17:04:24.901] [main/INFO] [net.minecraftforge.coremod.CoreMod.placebo/COREMODLOG]: Patching IForgeItemStack#getEnchantmentLevel
[22May2026 17:04:24.918] [main/INFO] [com.teampotato.redirector.Redirector/]: Redirecting net/minecraft/world/level/block/PressurePlateBlock$Sensitivity
[22May2026 17:04:25.124] [main/INFO] [com.teampotato.redirector.Redirector/]: Redirecting net/minecraft/world/level/block/MultifaceSpreader$SpreadType
[22May2026 17:04:25.168] [main/INFO] [com.teampotato.redirector.Redirector/]: Redirecting net/minecraft/world/InteractionHand
[22May2026 17:04:25.168] [main/INFO] [com.teampotato.redirector.Redirector/]: Redirecting net/minecraft/world/InteractionResult
[22May2026 17:04:25.171] [main/INFO] [com.teampotato.redirector.Redirector/]: Redirecting net/minecraft/world/level/biome/Biome$Precipitation
[22May2026 17:04:25.228] [main/INFO] [com.teampotato.redirector.Redirector/]: Redirecting net/minecraft/world/level/block/SkullBlock$Types
[22May2026 17:04:25.248] [main/WARN] [mixin/]: @Final field f_31427_:[I in mixins.epicfight.json:common.MixinWitherBoss should be final
[22May2026 17:04:25.249] [main/WARN] [mixin/]: @Final field f_31428_:[I in mixins.epicfight.json:common.MixinWitherBoss should be final
[22May2026 17:04:25.575] [main/INFO] [com.teampotato.redirector.Redirector/]: Redirecting net/minecraft/world/level/block/WeatheringCopper$WeatherState
[22May2026 17:04:25.781] [main/INFO] [com.teampotato.redirector.Redirector/]: Redirecting net/minecraft/world/item/Rarity
[22May2026 17:04:25.807] [main/INFO] [com.teampotato.redirector.Redirector/]: Redirecting net/minecraft/world/entity/vehicle/AbstractMinecart$Type
[22May2026 17:04:25.900] [main/INFO] [com.teampotato.redirector.Redirector/]: Redirecting net/minecraft/world/entity/MobCategory
[22May2026 17:04:26.160] [main/INFO] [com.teampotato.redirector.Redirector/]: Redirecting net/minecraft/world/entity/ai/goal/Goal$Flag
[22May2026 17:04:26.598] [main/INFO] [com.teampotato.redirector.Redirector/]: Redirecting net/minecraft/world/entity/Pose
[22May2026 17:04:26.599] [main/INFO] [com.teampotato.redirector.Redirector/]: Redirecting net/minecraft/world/entity/animal/sniffer/Sniffer$State
[22May2026 17:04:26.604] [main/INFO] [com.teampotato.redirector.Redirector/]: Redirecting net/minecraft/world/entity/vehicle/Boat$Status
[22May2026 17:04:26.612] [main/WARN] [net.minecraft.network.syncher.SynchedEntityData/]: defineId called for: class net.minecraft.world.entity.LivingEntity from class yesman.epicfight.world.capabilities.entitypatch.LivingEntityPatch
[22May2026 17:04:26.612] [main/WARN] [net.minecraft.network.syncher.SynchedEntityData/]: defineId called for: class net.minecraft.world.entity.LivingEntity from class yesman.epicfight.world.capabilities.entitypatch.LivingEntityPatch
[22May2026 17:04:26.612] [main/WARN] [net.minecraft.network.syncher.SynchedEntityData/]: defineId called for: class net.minecraft.world.entity.LivingEntity from class yesman.epicfight.world.capabilities.entitypatch.LivingEntityPatch
[22May2026 17:04:26.613] [main/WARN] [net.minecraft.network.syncher.SynchedEntityData/]: defineId called for: class net.minecraft.world.entity.LivingEntity from class yesman.epicfight.world.capabilities.entitypatch.LivingEntityPatch
[22May2026 17:04:26.613] [main/INFO] [com.teampotato.redirector.Redirector/]: Redirecting net/minecraft/world/entity/EquipmentSlot
[22May2026 17:04:26.614] [main/INFO] [com.teampotato.redirector.Redirector/]: Redirecting net/minecraft/world/entity/EquipmentSlot$Type
[22May2026 17:04:26.836] [main/INFO] [com.teampotato.redirector.Redirector/]: Redirecting net/minecraft/world/item/ArmorItem$Type
[22May2026 17:04:26.840] [main/INFO] [com.teampotato.redirector.Redirector/]: Redirecting net/minecraft/world/entity/vehicle/Boat$Type
[22May2026 17:04:26.842] [main/INFO] [com.teampotato.redirector.Redirector/]: Redirecting net/minecraft/world/item/ArmorMaterials
[22May2026 17:04:26.878] [main/INFO] [com.teampotato.redirector.Redirector/]: Redirecting net/minecraft/world/item/Tiers
[22May2026 17:04:26.935] [main/INFO] [com.teampotato.redirector.Redirector/]: Redirecting net/minecraft/network/protocol/game/ClientboundPlayerInfoUpdatePacket$Action
[22May2026 17:04:26.999] [main/INFO] [com.teampotato.redirector.Redirector/]: Redirecting net/minecraft/world/item/enchantment/Enchantment$Rarity
[22May2026 17:04:27.000] [main/INFO] [com.teampotato.redirector.Redirector/]: Redirecting net/minecraft/world/item/enchantment/ProtectionEnchantment$Type
[22May2026 17:04:27.001] [main/INFO] [com.teampotato.redirector.Redirector/]: Redirecting net/minecraft/world/item/enchantment/EnchantmentCategory
[22May2026 17:04:27.031] [main/INFO] [com.teampotato.redirector.Redirector/]: Redirecting net/minecraft/world/scores/criteria/ObjectiveCriteria$RenderType
[22May2026 17:04:27.034] [main/INFO] [com.teampotato.redirector.Redirector/]: Redirecting net/minecraft/world/level/levelgen/Heightmap$Types
[22May2026 17:04:27.067] [main/INFO] [com.teampotato.redirector.Redirector/]: Redirecting net/minecraft/world/level/levelgen/Heightmap$Usage
[22May2026 17:04:27.078] [main/INFO] [com.teampotato.redirector.Redirector/]: Redirecting net/minecraft/world/level/chunk/ChunkStatus$ChunkType
[22May2026 17:04:27.149] [main/INFO] [com.teampotato.redirector.Redirector/]: Redirecting net/minecraft/world/item/crafting/CraftingBookCategory
[22May2026 17:04:27.170] [main/INFO] [com.teampotato.redirector.Redirector/]: Redirecting net/minecraft/world/item/crafting/CookingBookCategory
[22May2026 17:04:27.477] [main/INFO] [com.teampotato.redirector.Redirector/]: Redirecting net/minecraft/core/Holder$Kind
[22May2026 17:04:27.828] [main/INFO] [com.teampotato.redirector.Redirector/]: Redirecting net/minecraft/world/level/levelgen/placement/CaveSurface
[22May2026 17:04:27.928] [main/INFO] [com.teampotato.redirector.Redirector/]: Redirecting net/minecraft/world/level/levelgen/structure/placement/StructurePlacement$FrequencyReductionMethod
[22May2026 17:04:27.946] [main/INFO] [com.teampotato.redirector.Redirector/]: Redirecting net/minecraft/world/level/levelgen/structure/placement/RandomSpreadType
[22May2026 17:04:28.094] [main/INFO] [com.teampotato.redirector.Redirector/]: Redirecting net/minecraft/world/level/levelgen/structure/StructureSpawnOverride$BoundingBoxType
[22May2026 17:04:28.100] [main/INFO] [com.teampotato.redirector.Redirector/]: Redirecting net/minecraft/world/level/levelgen/GenerationStep$Decoration
[22May2026 17:04:28.102] [main/INFO] [com.teampotato.redirector.Redirector/]: Redirecting net/minecraft/world/level/levelgen/structure/TerrainAdjustment
[22May2026 17:04:28.122] [main/WARN] [mixin/]: @ModifyConstant conflict. Skipping dungeonnowloading.forge.mixins.json:forge.structures.StructurePoolMixin->@ModifyConstant::dungeonnowloading_increaseWeightLimit(I)I with priority 1000, already redirected by yungsapi_forge.mixins.json:IncreaseStructureWeightLimitMixinForge->@ModifyConstant::yungsapi_increaseWeightLimit(I)I with priority 1000
[22May2026 17:04:28.142] [main/INFO] [com.teampotato.redirector.Redirector/]: Redirecting net/minecraft/world/level/levelgen/structure/structures/MineshaftStructure$Type
[22May2026 17:04:28.146] [main/INFO] [com.teampotato.redirector.Redirector/]: Redirecting net/minecraft/world/level/levelgen/structure/structures/OceanRuinStructure$Type
[22May2026 17:04:28.150] [main/INFO] [com.teampotato.redirector.Redirector/]: Redirecting net/minecraft/world/level/levelgen/structure/structures/RuinedPortalPiece$VerticalPlacement
[22May2026 17:04:28.173] [main/INFO] [com.teampotato.redirector.Redirector/]: Redirecting net/minecraft/world/level/levelgen/GenerationStep$Carving
[22May2026 17:04:28.239] [main/INFO] [com.teampotato.redirector.Redirector/]: Redirecting net/minecraft/world/level/biome/Biome$TemperatureModifier
[22May2026 17:04:28.244] [main/INFO] [com.teampotato.redirector.Redirector/]: Redirecting net/minecraft/world/level/biome/BiomeSpecialEffects$GrassColorModifier
[22May2026 17:04:28.373] [main/INFO] [com.teampotato.redirector.Redirector/]: Redirecting net/minecraft/world/level/levelgen/SurfaceRules$Temperature
[22May2026 17:04:28.374] [main/INFO] [com.teampotato.redirector.Redirector/]: Redirecting net/minecraft/world/level/levelgen/SurfaceRules$Steep
[22May2026 17:04:28.376] [main/INFO] [com.teampotato.redirector.Redirector/]: Redirecting net/minecraft/world/level/levelgen/SurfaceRules$Hole
[22May2026 17:04:28.377] [main/INFO] [com.teampotato.redirector.Redirector/]: Redirecting net/minecraft/world/level/levelgen/SurfaceRules$AbovePreliminarySurface
[22May2026 17:04:28.378] [main/INFO] [com.teampotato.redirector.Redirector/]: Redirecting net/minecraft/world/level/levelgen/SurfaceRules$Bandlands
[22May2026 17:04:28.383] [main/INFO] [com.teampotato.redirector.Redirector/]: Redirecting net/minecraft/world/level/levelgen/DensityFunctions$BlendAlpha
[22May2026 17:04:28.384] [main/INFO] [com.teampotato.redirector.Redirector/]: Redirecting net/minecraft/world/level/levelgen/DensityFunctions$BlendOffset
[22May2026 17:04:28.385] [main/INFO] [com.teampotato.redirector.Redirector/]: Redirecting net/minecraft/world/level/levelgen/DensityFunctions$BeardifierMarker
[22May2026 17:04:28.389] [main/INFO] [com.teampotato.redirector.Redirector/]: Redirecting net/minecraft/world/level/levelgen/DensityFunctions$Marker$Type
[22May2026 17:04:28.397] [main/INFO] [com.teampotato.redirector.Redirector/]: Redirecting net/minecraft/world/level/levelgen/DensityFunctions$WeirdScaledSampler$RarityValueMapper
[22May2026 17:04:28.411] [main/INFO] [com.teampotato.redirector.Redirector/]: Redirecting net/minecraft/world/level/levelgen/DensityFunctions$Mapped$Type
[22May2026 17:04:28.413] [main/INFO] [com.teampotato.redirector.Redirector/]: Redirecting net/minecraft/world/level/levelgen/DensityFunctions$TwoArgumentSimpleFunction$Type
[22May2026 17:04:28.485] [main/INFO] [com.teampotato.redirector.Redirector/]: Redirecting net/minecraft/world/level/levelgen/structure/pools/StructureTemplatePool$Projection
[22May2026 17:04:28.498] [main/INFO] [com.teampotato.redirector.Redirector/]: Redirecting net/minecraft/world/item/CreativeModeTab$Row
[22May2026 17:04:28.501] [main/INFO] [com.teampotato.redirector.Redirector/]: Redirecting net/minecraft/world/item/CreativeModeTab$Type
[22May2026 17:04:28.840] [modloading-worker-0/INFO] [com.teampotato.redirector.Redirector/]: Redirecting net/minecraftforge/event/TickEvent$Phase
[22May2026 17:04:28.841] [modloading-worker-0/INFO] [com.teampotato.redirector.Redirector/]: Redirecting net/minecraftforge/event/TickEvent$Type
[22May2026 17:04:28.863] [modloading-worker-0/INFO] [com.teampotato.redirector.Redirector/]: Redirecting fuzs/puzzleslib/api/core/v1/ContentRegistrationFlags
[22May2026 17:04:28.894] [modloading-worker-0/INFO] [com.teampotato.redirector.Redirector/]: Redirecting com/p1nero/invincible/api/skill/ComboNode$ComboTypes
[22May2026 17:04:28.897] [modloading-worker-0/INFO] [com.teampotato.redirector.Redirector/]: Redirecting fuzs/easyanvils/config/ServerConfig$PriorWorkPenalty
[22May2026 17:04:28.898] [modloading-worker-0/INFO] [com.teampotato.redirector.Redirector/]: Redirecting fuzs/easyanvils/config/ServerConfig$FreeRenames
[22May2026 17:04:28.901] [modloading-worker-0/INFO] [com.teampotato.redirector.Redirector/]: Redirecting fuzs/easyanvils/config/ServerConfig$RenameAndRepairCost
[22May2026 17:04:28.903] [modloading-worker-0/INFO] [Puzzles Lib/]: Constructing common components for easyanvils:main
[22May2026 17:04:28.913] [modloading-worker-0/INFO] [com.teampotato.redirector.Redirector/]: Redirecting net/p3pp3rf1y/sophisticatedcore/client/gui/SortButtonsPosition
[22May2026 17:04:28.922] [modloading-worker-0/INFO] [com.teampotato.redirector.Redirector/]: Redirecting net/minecraft/commands/Commands$CommandSelection
[22May2026 17:04:28.936] [modloading-worker-0/INFO] [com.teampotato.redirector.Redirector/]: Redirecting net/minecraftforge/common/capabilities/CapabilityManager
[22May2026 17:04:28.978] [modloading-worker-0/INFO] [com.teampotato.redirector.Redirector/]: Redirecting net/minecraft/server/packs/PackType
[22May2026 17:04:28.991] [modloading-worker-0/INFO] [com.teampotato.redirector.Redirector/]: Redirecting fuzs/puzzleslib/api/network/v2/MessageDirection
[22May2026 17:04:29.061] [modloading-worker-0/INFO] [Void Lib/]: Void Lib successfully started!
[22May2026 17:04:29.207] [modloading-worker-0/INFO] [com.teampotato.redirector.Redirector/]: Redirecting net/p3pp3rf1y/sophisticatedcore/upgrades/jukebox/RepeatMode
[22May2026 17:04:29.276] [modloading-worker-0/INFO] [Fast Config API/]: FastConfigAPI has been initialized
[22May2026 17:04:29.301] [modloading-worker-0/INFO] [com.teampotato.redirector.Redirector/]: Redirecting net/p3pp3rf1y/sophisticatedcore/upgrades/feeding/HungerLevel
[22May2026 17:04:29.309] [modloading-worker-0/INFO] [com.teampotato.redirector.Redirector/]: Redirecting net/p3pp3rf1y/sophisticatedcore/upgrades/voiding/VoidType
[22May2026 17:04:29.322] [modloading-worker-0/INFO] [com.teampotato.redirector.Redirector/]: Redirecting net/p3pp3rf1y/sophisticatedbackpacks/upgrades/refill/RefillUpgradeWrapper$TargetSlot
[22May2026 17:04:29.350] [modloading-worker-0/INFO] [com.teampotato.redirector.Redirector/]: Redirecting net/p3pp3rf1y/sophisticatedbackpacks/upgrades/inception/InventoryOrder
[22May2026 17:04:29.365] [modloading-worker-0/INFO] [com.teampotato.redirector.Redirector/]: Redirecting net/p3pp3rf1y/sophisticatedbackpacks/upgrades/toolswapper/ToolSwapMode
[22May2026 17:04:29.382] [modloading-worker-0/INFO] [com.teampotato.redirector.Redirector/]: Redirecting net/minecraft/world/entity/MobSpawnType
[22May2026 17:04:29.388] [modloading-worker-0/INFO] [com.teampotato.redirector.Redirector/]: Redirecting net/p3pp3rf1y/sophisticatedcore/upgrades/xppump/AutomationDirection
[22May2026 17:04:29.399] [modloading-worker-0/INFO] [com.teampotato.redirector.Redirector/]: Redirecting net/p3pp3rf1y/sophisticatedcore/upgrades/alchemy/AlchemyCondition
[22May2026 17:04:29.402] [modloading-worker-0/INFO] [com.teampotato.redirector.Redirector/]: Redirecting net/p3pp3rf1y/sophisticatedcore/upgrades/EntityMatch
[22May2026 17:04:29.438] [modloading-worker-0/INFO] [com.teampotato.redirector.Redirector/]: Redirecting net/blay09/mods/balm/api/BalmEnvironment
[22May2026 17:04:29.448] [modloading-worker-0/INFO] [com.teampotato.redirector.Redirector/]: Redirecting net/minecraftforge/common/world/BiomeModifier$Phase
[22May2026 17:04:29.450] [modloading-worker-0/INFO] [com.teampotato.redirector.Redirector/]: Redirecting net/minecraftforge/event/entity/player/PlayerInteractEvent$LeftClickBlock$Action
[22May2026 17:04:29.473] [modloading-worker-0/INFO] [com.teampotato.redirector.Redirector/]: Redirecting it/hurts/sskirillss/relics/network/packets/leveling/PacketRelicTweak$Operation
[22May2026 17:04:29.477] [modloading-worker-0/INFO] [com.teampotato.redirector.Redirector/]: Redirecting it/hurts/sskirillss/relics/network/packets/PacketSyncEntityEffects$Action
[22May2026 17:04:29.481] [modloading-worker-0/INFO] [com.teampotato.redirector.Redirector/]: Redirecting it/hurts/sskirillss/relics/items/relics/base/data/cast/misc/CastType
[22May2026 17:04:29.485] [modloading-worker-0/INFO] [com.teampotato.redirector.Redirector/]: Redirecting it/hurts/sskirillss/relics/items/relics/base/data/cast/misc/CastStage
[22May2026 17:04:29.499] [modloading-worker-0/INFO] [com.teampotato.redirector.Redirector/]: Redirecting tschipp/carryon/config/PropertyType
[22May2026 17:04:29.549] [modloading-worker-0/INFO] [com.teampotato.redirector.Redirector/]: Redirecting net/blay09/mods/balm/api/event/TickPhase
[22May2026 17:04:29.555] [modloading-worker-0/INFO] [com.teampotato.redirector.Redirector/]: Redirecting net/blay09/mods/balm/api/event/EventPriority
[22May2026 17:04:29.599] [modloading-worker-0/INFO] [com.teampotato.redirector.Redirector/]: Redirecting net/minecraft/world/inventory/ClickAction
[22May2026 17:04:29.599] [modloading-worker-0/INFO] [com.teampotato.redirector.Redirector/]: Redirecting net/minecraft/world/item/UseAnim
[22May2026 17:04:29.600] [modloading-worker-0/INFO] [com.teampotato.redirector.Redirector/]: Redirecting net/minecraft/world/level/ClipContext$Fluid
[22May2026 17:04:29.603] [modloading-worker-0/INFO] [com.teampotato.redirector.Redirector/]: Redirecting top/theillusivec4/curios/api/type/capability/ICurio$DropRule
[22May2026 17:04:29.651] [modloading-worker-0/INFO] [com.teampotato.redirector.Redirector/]: Redirecting com/finderfeed/fdbosses/content/entities/malkuth_boss/MalkuthAttackType
[22May2026 17:04:29.676] [modloading-worker-0/INFO] [de.keksuccino.konkrete.Konkrete/]: [KONKRETE] Successfully initialized!
[22May2026 17:04:29.676] [modloading-worker-0/INFO] [de.keksuccino.konkrete.Konkrete/]: [KONKRETE] Server-side libs ready to use!
[22May2026 17:04:29.696] [modloading-worker-0/INFO] [com.teampotato.redirector.Redirector/]: Redirecting tictim/paraglider/api/plugin/ConflictResolver$Resolution
[22May2026 17:04:29.712] [modloading-worker-0/INFO] [com.teampotato.redirector.Redirector/]: Redirecting tictim/paraglider/impl/movement/PlayerStateMapLoader$State$CheckStatus
[22May2026 17:04:29.795] [modloading-worker-0/INFO] [com.teampotato.redirector.Redirector/]: Redirecting com/cerbon/cerbons_api/api/multipart_entities/client/PlayerInteractMultipartEntity$InteractionType
[22May2026 17:04:29.796] [modloading-worker-0/INFO] [com.teampotato.redirector.Redirector/]: Redirecting top/theillusivec4/curios/client/CuriosClientConfig$Client$ButtonCorner
[22May2026 17:04:29.799] [modloading-worker-0/INFO] [com.teampotato.redirector.Redirector/]: Redirecting top/theillusivec4/curios/common/CuriosConfig$KeepCurios
[22May2026 17:04:29.805] [modloading-worker-0/INFO] [com.teampotato.redirector.Redirector/]: Redirecting tictim/paraglider/forge/contents/ConfigConditionSerializer
[22May2026 17:04:29.824] [modloading-worker-0/INFO] [com.teampotato.redirector.Redirector/]: Redirecting net/minecraft/world/level/GameType
[22May2026 17:04:29.844] [modloading-worker-0/INFO] [com.teampotato.redirector.Redirector/]: Redirecting tictim/paraglider/config/Cfg$TotwCompatConfigOption
[22May2026 17:04:29.870] [modloading-worker-0/INFO] [com.teampotato.redirector.Redirector/]: Redirecting dev/shadowsoffire/placebo/config/Property$Type
[22May2026 17:04:29.907] [modloading-worker-0/INFO] [com.teampotato.redirector.Redirector/]: Redirecting dev/architectury/utils/Env
[22May2026 17:04:29.911] [modloading-worker-0/INFO] [com.teampotato.redirector.Redirector/]: Redirecting net/minecraft/world/level/block/Rotation
[22May2026 17:04:29.912] [modloading-worker-0/INFO] [com.teampotato.redirector.Redirector/]: Redirecting com/mojang/math/OctahedralGroup
[22May2026 17:04:29.917] [modloading-worker-0/INFO] [com.teampotato.redirector.Redirector/]: Redirecting com/mojang/math/SymmetricGroup3
[22May2026 17:04:29.966] [modloading-worker-0/INFO] [dev.architectury.networking.forge.NetworkManagerImpl/]: Registering C2S receiver with id architectury:sync_ids
[22May2026 17:04:29.969] [modloading-worker-0/INFO] [com.teampotato.redirector.Redirector/]: Redirecting dev/architectury/networking/NetworkManager$Side
[22May2026 17:04:30.011] [modloading-worker-0/INFO] [dev.architectury.networking.forge.NetworkManagerImpl/]: Registering C2S receiver with id yo_hooks:player_jump
[22May2026 17:04:30.015] [modloading-worker-0/INFO] [dev.architectury.networking.forge.NetworkManagerImpl/]: Registering C2S receiver with id yo_hooks:climb
[22May2026 17:04:30.016] [modloading-worker-0/INFO] [com.teampotato.redirector.Redirector/]: Redirecting net/minecraft/sounds/SoundSource
[22May2026 17:04:30.121] [modloading-worker-0/INFO] [com.cupboard.Cupboard/]: Loaded config for: cupboard.json
[22May2026 17:04:30.149] [modloading-worker-0/INFO] [Puzzles Lib/]: Constructing common components for easyshulkerboxes:main
[22May2026 17:04:30.250] [modloading-worker-0/INFO] [com.teampotato.redirector.Redirector/]: Redirecting com/eddy1/tidesourcer/config/AbyssalConfig$ParticleQuality
[22May2026 17:04:30.252] [modloading-worker-0/INFO] [Puzzles Lib/]: Constructing common components for tradingpost:main
[22May2026 17:04:30.288] [modloading-worker-0/INFO] [Puzzles Lib/]: Constructing common components for puzzlesapi:iteminteractions
[22May2026 17:04:30.298] [modloading-worker-0/INFO] [com.teampotato.redirector.Redirector/]: Redirecting fuzs/puzzleslib/api/capability/v2/data/PlayerRespawnCopyStrategy
[22May2026 17:04:30.312] [modloading-worker-0/INFO] [Puzzles Lib/]: Constructing common components for mutantmonsters:main
[22May2026 17:04:30.325] [modloading-worker-0/INFO] [Puzzles Lib/]: Constructing common components for puzzlesapi:slotcycling
[22May2026 17:04:30.326] [modloading-worker-0/INFO] [Puzzles Lib/]: Constructing common components for puzzlesapi:limitlesscontainers
[22May2026 17:04:30.332] [modloading-worker-0/INFO] [com.teampotato.redirector.Redirector/]: Redirecting fuzs/puzzleslib/api/biome/v1/BiomeLoadingPhase
[22May2026 17:04:30.348] [modloading-worker-0/INFO] [Puzzles Lib/]: Constructing common components for puzzlesapi:statues
[22May2026 17:04:30.376] [modloading-worker-0/INFO] [com.teampotato.redirector.Redirector/]: Redirecting com/nine/travelerscompass/config/ConfigValue$Section
[22May2026 17:04:30.378] [modloading-worker-0/INFO] [com.teampotato.redirector.Redirector/]: Redirecting com/nine/travelerscompass/config/ConfigType
[22May2026 17:04:30.382] [modloading-worker-0/INFO] [com.teampotato.redirector.Redirector/]: Redirecting com/nine/travelerscompass/config/filter/FilterType
[22May2026 17:04:30.383] [modloading-worker-0/INFO] [com.teampotato.redirector.Redirector/]: Redirecting com/nine/travelerscompass/compat/lootr/LootrSearchMode$ConfigMode
[22May2026 17:04:30.384] [modloading-worker-0/INFO] [com.teampotato.redirector.Redirector/]: Redirecting fuzs/puzzleslib/api/event/v1/core/EventResult
[22May2026 17:04:30.394] [modloading-worker-0/INFO] [com.teampotato.redirector.Redirector/]: Redirecting com/nine/travelerscompass/compat/NEI
[22May2026 17:04:30.424] [modloading-worker-0/INFO] [com.teampotato.redirector.Redirector/]: Redirecting fuzs/easymagic/config/ServerConfig$EnchantmentHint
[22May2026 17:04:30.426] [modloading-worker-0/INFO] [com.teampotato.redirector.Redirector/]: Redirecting fuzs/easymagic/config/ServerConfig$ChiseledBookshelfPower
[22May2026 17:04:30.426] [modloading-worker-0/INFO] [Puzzles Lib/]: Constructing common components for easymagic:main
[22May2026 17:04:30.484] [modloading-worker-0/INFO] [com.jtorleonstudios.libraryferret.LibraryFerret/]: Initialize mod Library Ferret
[22May2026 17:04:30.492] [modloading-worker-0/INFO] [com.jtorleonstudios.libraryferret.LibraryFerret/]: Initialized mod Library Ferret
[22May2026 17:04:30.512] [modloading-worker-0/INFO] [com.teampotato.redirector.Redirector/]: Redirecting net/blay09/mods/waystones/config/DimensionalWarp
[22May2026 17:04:30.513] [modloading-worker-0/INFO] [com.teampotato.redirector.Redirector/]: Redirecting net/blay09/mods/waystones/config/WorldGenStyle
[22May2026 17:04:30.514] [modloading-worker-0/INFO] [com.teampotato.redirector.Redirector/]: Redirecting net/blay09/mods/waystones/worldgen/namegen/NameGenerationMode
[22May2026 17:04:30.549] [modloading-worker-0/INFO] [STDOUT/]: [dev.hexnowloading.dungeonnowloading.registry.DNLPackets:registerServerbound:8]: [DNLPackets] registerServerbound()
[22May2026 17:04:30.561] [modloading-worker-0/INFO] [com.teampotato.redirector.Redirector/]: Redirecting dev/worldgen/lithostitched/worldgen/NoiseRouterTarget
[22May2026 17:04:30.567] [modloading-worker-0/INFO] [net.blay09.mods.balm.forge.config.ForgeBalmConfig/]: Registering config for waystones:common (COMMON) with 46 properties.
[22May2026 17:04:30.573] [modloading-worker-0/INFO] [com.teampotato.redirector.Redirector/]: Redirecting dev/hexnowloading/dungeonnowloading/sound/TickingSoundTarget
[22May2026 17:04:30.610] [modloading-worker-0/INFO] [com.teampotato.redirector.Redirector/]: Redirecting dev/worldgen/lithostitched/worldgen/placementcondition/HeightFilterPlacementCondition$RangeType
[22May2026 17:04:30.659] [modloading-worker-0/INFO] [com.teampotato.redirector.Redirector/]: Redirecting dev/worldgen/lithostitched/worldgen/processor/enums/BlockType
[22May2026 17:04:30.660] [modloading-worker-0/INFO] [com.teampotato.redirector.Redirector/]: Redirecting dev/hexnowloading/dungeonnowloading/block/property/AllSides
[22May2026 17:04:30.665] [modloading-worker-0/INFO] [com.teampotato.redirector.Redirector/]: Redirecting dev/hexnowloading/dungeonnowloading/block/property/BlockFaces
[22May2026 17:04:30.670] [modloading-worker-0/INFO] [com.teampotato.redirector.Redirector/]: Redirecting dev/hexnowloading/dungeonnowloading/block/property/BarrierVertexs
[22May2026 17:04:30.668] [modloading-worker-0/INFO] [com.teampotato.redirector.Redirector/]: Redirecting dev/worldgen/lithostitched/worldgen/processor/condition/Position$PosAnchor
[22May2026 17:04:30.672] [modloading-worker-0/INFO] [com.teampotato.redirector.Redirector/]: Redirecting dev/hexnowloading/dungeonnowloading/block/property/BarrierEdges
[22May2026 17:04:30.674] [modloading-worker-0/INFO] [com.teampotato.redirector.Redirector/]: Redirecting dev/hexnowloading/dungeonnowloading/block/property/RedstoneLaneMode
[22May2026 17:04:30.675] [modloading-worker-0/INFO] [com.teampotato.redirector.Redirector/]: Redirecting dev/hexnowloading/dungeonnowloading/block/property/TripleBlock
[22May2026 17:04:30.676] [modloading-worker-0/INFO] [com.teampotato.redirector.Redirector/]: Redirecting dev/hexnowloading/dungeonnowloading/block/property/ChestStates
[22May2026 17:04:30.681] [modloading-worker-0/INFO] [com.teampotato.redirector.Redirector/]: Redirecting dev/hexnowloading/dungeonnowloading/block/property/BallistaGolemStatueStates
[22May2026 17:04:30.682] [modloading-worker-0/INFO] [com.teampotato.redirector.Redirector/]: Redirecting dev/hexnowloading/dungeonnowloading/block/property/MendingRunes
[22May2026 17:04:30.717] [modloading-worker-0/INFO] [com.teampotato.redirector.Redirector/]: Redirecting dev/hexnowloading/dungeonnowloading/block/DungeonBannerBlock$DungeonBannerVariant
[22May2026 17:04:30.826] [modloading-worker-0/INFO] [dev.architectury.networking.forge.NetworkManagerImpl/]: Registering C2S receiver with id artifacts:networking_channel/42a7ad70b1cc371599a0eff744096b8a
[22May2026 17:04:30.828] [modloading-worker-0/INFO] [dev.architectury.networking.forge.NetworkManagerImpl/]: Registering C2S receiver with id artifacts:networking_channel/74a5e841822a3a87854ae896a33430d6
[22May2026 17:04:30.832] [modloading-worker-0/INFO] [dev.architectury.networking.forge.NetworkManagerImpl/]: Registering C2S receiver with id artifacts:networking_channel/eb3d1e2748533430848cadf0f37c7e9c
[22May2026 17:04:30.835] [modloading-worker-0/INFO] [dev.architectury.networking.forge.NetworkManagerImpl/]: Registering C2S receiver with id artifacts:networking_channel/91c8520f19f93b3e8b6a727568e194ab
[22May2026 17:04:30.836] [modloading-worker-0/INFO] [dev.architectury.networking.forge.NetworkManagerImpl/]: Registering C2S receiver with id artifacts:networking_channel/8c2784d778293fd482ed84b8aa5fedb9
[22May2026 17:04:30.836] [modloading-worker-0/INFO] [com.teampotato.redirector.Redirector/]: Redirecting com/yahoo/chirpycricket/mythicmounts/registery/Entities$EntityKey
[22May2026 17:04:30.838] [modloading-worker-0/INFO] [dev.architectury.networking.forge.NetworkManagerImpl/]: Registering C2S receiver with id artifacts:networking_channel/ea038224ea783d40b2863f52239e2604
[22May2026 17:04:30.839] [modloading-worker-0/INFO] [dev.architectury.networking.forge.NetworkManagerImpl/]: Registering C2S receiver with id artifacts:networking_channel/97ad64b7ecaf33209991c4f031501a58
[22May2026 17:04:30.849] [modloading-worker-0/INFO] [com.teampotato.redirector.Redirector/]: Redirecting com/yahoo/chirpycricket/mythicmounts/registery/Entities$EntityInfo
[22May2026 17:04:30.942] [modloading-worker-0/INFO] [net.minecraftforge.common.ForgeMod/FORGEMOD]: Forge mod loading, version 47.4.20, for MC 1.20.1 with MCP 20230612.114412
[22May2026 17:04:30.943] [modloading-worker-0/INFO] [net.minecraftforge.common.MinecraftForge/FORGE]: MinecraftForge v47.4.20 Initialized
[22May2026 17:04:30.963] [modloading-worker-0/INFO] [com.teampotato.redirector.Redirector/]: Redirecting com/progwml6/ironchest/common/item/IronChestsUpgradeType
[22May2026 17:04:30.964] [modloading-worker-0/INFO] [com.teampotato.redirector.Redirector/]: Redirecting com/progwml6/ironchest/common/block/IronChestsTypes
[22May2026 17:04:31.073] [modloading-worker-0/INFO] [com.teampotato.redirector.Redirector/]: Redirecting net/minecraft/server/packs/repository/Pack$Position
[22May2026 17:04:31.129] [modloading-worker-0/INFO] [com.teampotato.redirector.Redirector/]: Redirecting net/minecraft/server/packs/repository/PackCompatibility
[22May2026 17:04:31.211] [modloading-worker-0/INFO] [Dungeon Now Loading/]: Hello Forge world!
[22May2026 17:04:31.669] [modloading-worker-0/INFO] [STDOUT/]: [net.BKTeam.illagerrevolutionmod.IllagerRevolutionMod:<init>:124]: Refreshing Illager Revolution Patreon List
[22May2026 17:04:31.793] [modloading-worker-0/INFO] [com.teampotato.redirector.Redirector/]: Redirecting net/mehvahdjukaar/moonlight/api/platform/configs/ConfigType
[22May2026 17:04:31.826] [modloading-worker-0/INFO] [com.teampotato.redirector.Redirector/]: Redirecting net/mehvahdjukaar/moonlight/api/platform/PlatHelper$Side
[22May2026 17:04:31.880] [modloading-worker-0/INFO] [com.teampotato.redirector.Redirector/]: Redirecting net/mehvahdjukaar/moonlight/api/platform/RegHelper$VariantType
[22May2026 17:04:31.979] [modloading-worker-0/INFO] [com.teampotato.redirector.Redirector/]: Redirecting net/minecraft/world/level/GameRules$Category
[22May2026 17:04:31.984] [modloading-worker-0/INFO] [STDOUT/]: [net.sweenus.simplyswords.SimplySwords:init:134]: /workspaces/anashe-cherver/servidor_minecraft/config
[22May2026 17:04:31.991] [modloading-worker-0/INFO] [com.teampotato.redirector.Redirector/]: Redirecting io/github/jamalam360/jamlib/JamLibPlatform$Platform
[22May2026 17:04:31.992] [modloading-worker-0/INFO] [JamLib/]: Initializing JamLib on Forge
[22May2026 17:04:32.011] [modloading-worker-0/INFO] [com.teampotato.redirector.Redirector/]: Redirecting net/mehvahdjukaar/moonlight/api/platform/network/NetworkDir
[22May2026 17:04:32.038] [modloading-worker-0/INFO] [com.teampotato.redirector.Redirector/]: Redirecting io/github/jamalam360/rightclickharvest/Config$HungerLevel
[22May2026 17:04:32.042] [modloading-worker-0/INFO] [com.teampotato.redirector.Redirector/]: Redirecting io/github/jamalam360/rightclickharvest/Config$ExperienceType
[22May2026 17:04:32.050] [modloading-worker-0/INFO] [com.teampotato.redirector.Redirector/]: Redirecting net/mehvahdjukaar/moonlight/api/util/DispenserHelper$Priority
[22May2026 17:04:32.074] [modloading-worker-0/INFO] [JamLib/]: Updated config file at /workspaces/anashe-cherver/servidor_minecraft/config/rightclickharvest.json5
[22May2026 17:04:32.075] [modloading-worker-0/INFO] [Right Click Harvest/]: Initializing Right Click Harvest on FORGE
[22May2026 17:04:32.136] [modloading-worker-0/INFO] [com.teampotato.redirector.Redirector/]: Redirecting com/finderfeed/fdbosses/content/entities/geburah/rotating_weapons/rotations/GeburahWeaponRotation$Type
[22May2026 17:04:32.148] [modloading-worker-0/INFO] [STDOUT/]: [net.BKTeam.illagerrevolutionmod.IllagerRevolutionMod:<init>:152]: Refreshing Illager Revolution Patreon List
[22May2026 17:04:32.158] [modloading-worker-0/INFO] [com.teampotato.redirector.Redirector/]: Redirecting org/primal/entity/animal/BearEntity$Variant
[22May2026 17:04:32.164] [modloading-worker-0/INFO] [com.teampotato.redirector.Redirector/]: Redirecting org/primal/entity/animal/EagleEntity$Variant
[22May2026 17:04:32.161] [modloading-worker-0/INFO] [com.teampotato.redirector.Redirector/]: Redirecting com/finderfeed/fdlib/systems/bedrock/animations/animation_system/entity/head/HeadControllerContainer$Mode
[22May2026 17:04:32.272] [modloading-worker-0/INFO] [com.teampotato.redirector.Redirector/]: Redirecting org/violetmoon/zeta/util/ZetaSide
[22May2026 17:04:32.430] [modloading-worker-0/INFO] [com.teampotato.redirector.Redirector/]: Redirecting org/violetmoon/zetaimplforge/event/ForgeEventsRemapper$Phase
[22May2026 17:04:32.438] [modloading-worker-0/INFO] [com.teampotato.redirector.Redirector/]: Redirecting net/minecraft/world/entity/SpawnPlacements$Type
[22May2026 17:04:32.481] [modloading-worker-0/INFO] [zeta/]: Doing super early config setup for zeta
[22May2026 17:04:32.495] [modloading-worker-0/INFO] [labellingcontainers/]: Initializing mod...
[22May2026 17:04:32.500] [modloading-worker-0/INFO] [com.teampotato.redirector.Redirector/]: Redirecting org/violetmoon/zeta/network/ZetaNetworkDirection
[22May2026 17:04:32.514] [modloading-worker-0/INFO] [dev.architectury.networking.forge.NetworkManagerImpl/]: Registering C2S receiver with id labellingcontainers:request_taggable_blocks_config_packet
[22May2026 17:04:32.518] [modloading-worker-0/INFO] [dev.architectury.networking.forge.NetworkManagerImpl/]: Registering C2S receiver with id labellingcontainers:label_printer_save_packet
[22May2026 17:04:32.518] [modloading-worker-0/WARN] [labellingcontainers/]: Could not run Client Setup (mod is probably running on a Server-Only instance)
[22May2026 17:04:32.547] [modloading-worker-0/INFO] [com.teampotato.redirector.Redirector/]: Redirecting dev/isxander/yacl3/platform/Env
[22May2026 17:04:32.551] [modloading-worker-0/INFO] [com.teampotato.redirector.Redirector/]: Redirecting org/dawnoftime/armoroftheages/config/PreferredModel
[22May2026 17:04:32.552] [modloading-worker-0/INFO] [com.teampotato.redirector.Redirector/]: Redirecting org/dawnoftime/armoroftheages/config/OYoroiSkin
[22May2026 17:04:32.553] [modloading-worker-0/INFO] [com.teampotato.redirector.Redirector/]: Redirecting org/dawnoftime/armoroftheages/config/IronPlateSkin
[22May2026 17:04:32.554] [modloading-worker-0/INFO] [com.teampotato.redirector.Redirector/]: Redirecting org/dawnoftime/armoroftheages/config/CenturionSkin
[22May2026 17:04:32.557] [modloading-worker-0/INFO] [com.teampotato.redirector.Redirector/]: Redirecting org/dawnoftime/armoroftheages/config/RaijinSkin
[22May2026 17:04:32.557] [modloading-worker-0/INFO] [com.teampotato.redirector.Redirector/]: Redirecting org/dawnoftime/armoroftheages/config/PharaohSkin
[22May2026 17:04:32.613] [modloading-worker-0/INFO] [com.teampotato.redirector.Redirector/]: Redirecting com/cerbon/myths_of_the_sea/item/custom/armor/MTSArmorMaterials
[22May2026 17:04:32.639] [modloading-worker-0/INFO] [STDOUT/]: [net.BKTeam.illagerrevolutionmod.IllagerRevolutionMod:<init>:180]: Refreshing Illager Revolution Patreon List
[22May2026 17:04:32.672] [modloading-worker-0/INFO] [com.teampotato.redirector.Redirector/]: Redirecting dev/isxander/yacl3/config/v2/api/ConfigSerializer$LoadResult
[22May2026 17:04:32.673] [modloading-worker-0/INFO] [YetAnotherConfigLib/]: Deserializing AOTAConfig from '/workspaces/anashe-cherver/servidor_minecraft/config/armoroftheages.json'
[22May2026 17:04:32.678] [modloading-worker-0/INFO] [com.teampotato.redirector.Redirector/]: Redirecting org/quiltmc/parsers/json/JsonFormat
[22May2026 17:04:32.680] [modloading-worker-0/INFO] [quark/]: Initializing TerraBlender underground biome compat
[22May2026 17:04:32.688] [modloading-worker-0/INFO] [com.teampotato.redirector.Redirector/]: Redirecting org/quiltmc/parsers/json/JsonToken
[22May2026 17:04:32.719] [modloading-worker-0/INFO] [com.teampotato.redirector.Redirector/]: Redirecting org/dawnoftime/armoroftheages/item/AotAMaterials$DoTArmorMaterial
[22May2026 17:04:32.755] [modloading-worker-0/INFO] [YetAnotherConfigLib/]: Deserializing YACLConfig from '/workspaces/anashe-cherver/servidor_minecraft/config/yacl.json5'
[22May2026 17:04:32.807] [modloading-worker-0/INFO] [com.teampotato.redirector.Redirector/]: Redirecting net/mehvahdjukaar/supplementaries/configs/CommonConfigs$ReplaceTableMode
[22May2026 17:04:32.823] [modloading-worker-0/INFO] [com.teampotato.redirector.Redirector/]: Redirecting net/mehvahdjukaar/supplementaries/configs/CommonConfigs$TNTMode
[22May2026 17:04:32.825] [modloading-worker-0/INFO] [com.teampotato.redirector.Redirector/]: Redirecting net/mehvahdjukaar/moonlight/api/platform/PlatHelper$Platform
[22May2026 17:04:32.851] [modloading-worker-0/INFO] [com.teampotato.redirector.Redirector/]: Redirecting net/mehvahdjukaar/supplementaries/common/block/blocks/BlackboardBlock$UseMode
[22May2026 17:04:32.859] [modloading-worker-0/INFO] [com.teampotato.redirector.Redirector/]: Redirecting net/mehvahdjukaar/supplementaries/configs/CommonConfigs$Hands
[22May2026 17:04:32.862] [modloading-worker-0/INFO] [com.teampotato.redirector.Redirector/]: Redirecting net/mehvahdjukaar/supplementaries/common/entities/BombEntity$BreakingMode
[22May2026 17:04:32.865] [modloading-worker-0/INFO] [com.teampotato.redirector.Redirector/]: Redirecting net/mehvahdjukaar/supplementaries/configs/CommonConfigs$DeathMarkerMode
[22May2026 17:04:32.868] [modloading-worker-0/INFO] [com.teampotato.redirector.Redirector/]: Redirecting net/mehvahdjukaar/supplementaries/configs/CommonConfigs$SlimedJumpMode
[22May2026 17:04:32.918] [modloading-worker-0/INFO] [Puzzles Lib/]: Constructing common components for puzzleslib:main
[22May2026 17:04:32.957] [modloading-worker-0/INFO] [com.teampotato.redirector.Redirector/]: Redirecting net/mehvahdjukaar/supplementaries/common/network/ClientBoundParticlePacket$Type
[22May2026 17:04:32.964] [modloading-worker-0/INFO] [com.teampotato.redirector.Redirector/]: Redirecting net/mehvahdjukaar/supplementaries/common/network/ClientBoundExplosionPacket$Type
[22May2026 17:04:32.983] [modloading-worker-0/INFO] [com.teampotato.redirector.Redirector/]: Redirecting com/teammetallurgy/aquaculture/entity/FishType
[22May2026 17:04:33.052] [modloading-worker-0/INFO] [be.florens.expandability.ExpandAbility/]: ExpandAbility here, who dis?
[22May2026 17:04:33.055] [modloading-worker-0/INFO] [com.teampotato.redirector.Redirector/]: Redirecting net/corruptdog/cdm/world/CorruptWeaponCategories
[22May2026 17:04:33.056] [modloading-worker-0/INFO] [com.teampotato.redirector.Redirector/]: Redirecting net/corruptdog/cdm/world/item/YamatoStyle
[22May2026 17:04:33.132] [modloading-worker-0/INFO] [com.teampotato.redirector.Redirector/]: Redirecting yesman/epicfight/world/capabilities/item/CapabilityItem$WeaponCategories
[22May2026 17:04:33.138] [modloading-worker-0/INFO] [quark-zeta/]: Discovered 164 modules to load.
[22May2026 17:04:33.141] [modloading-worker-0/INFO] [quark-zeta/]: Constructing module Abacus...
[22May2026 17:04:33.160] [modloading-worker-0/INFO] [quark-zeta/]: Constructing module Adjustable Chat...
[22May2026 17:04:33.162] [modloading-worker-0/INFO] [quark-zeta/]: Constructing module Ambient Discs...
[22May2026 17:04:33.163] [modloading-worker-0/INFO] [quark-zeta/]: Constructing module Ancient Tomes...
[22May2026 17:04:33.184] [modloading-worker-0/INFO] [quark-zeta/]: Constructing module Ancient Wood...
[22May2026 17:04:33.205] [modloading-worker-0/INFO] [quark-zeta/]: Constructing module Armed Armor Stands...
[22May2026 17:04:33.208] [modloading-worker-0/INFO] [quark-zeta/]: Constructing module Auto Walk Keybind...
[22May2026 17:04:33.208] [modloading-worker-0/INFO] [quark-zeta/]: Constructing module Automatic Recipe Unlock...
[22May2026 17:04:33.209] [modloading-worker-0/INFO] [quark-zeta/]: Constructing module Automatic Tool Restock...
[22May2026 17:04:33.212] [modloading-worker-0/INFO] [quark-zeta/]: Constructing module Azalea Wood...
[22May2026 17:04:33.213] [modloading-worker-0/INFO] [quark-zeta/]: Constructing module Back Button Keybind...
[22May2026 17:04:33.214] [modloading-worker-0/INFO] [quark-zeta/]: Constructing module Backpack...
[22May2026 17:04:33.222] [modloading-worker-0/INFO] [quark-zeta/]: Constructing module Beacon Redirection...
[22May2026 17:04:33.226] [modloading-worker-0/INFO] [quark-zeta/]: Constructing module Better Elytra Rocket...
[22May2026 17:04:33.226] [modloading-worker-0/INFO] [quark-zeta/]: Constructing module Big Stone Clusters...
[22May2026 17:04:33.231] [modloading-worker-0/INFO] [com.teampotato.redirector.Redirector/]: Redirecting yesman/epicfight/api/animation/LivingMotions
[22May2026 17:04:33.232] [modloading-worker-0/INFO] [com.teampotato.redirector.Redirector/]: Redirecting yesman/epicfight/skill/SkillCategories
[22May2026 17:04:33.233] [modloading-worker-0/INFO] [com.teampotato.redirector.Redirector/]: Redirecting yesman/epicfight/skill/SkillSlots
[22May2026 17:04:33.234] [modloading-worker-0/INFO] [com.teampotato.redirector.Redirector/]: Redirecting yesman/epicfight/world/capabilities/item/CapabilityItem$Styles
[22May2026 17:04:33.236] [modloading-worker-0/INFO] [com.teampotato.redirector.Redirector/]: Redirecting yesman/epicfight/world/capabilities/entitypatch/Factions
[22May2026 17:04:33.244] [modloading-worker-0/INFO] [com.teampotato.redirector.Redirector/]: Redirecting yesman/epicfight/network/EntityPairingPacketTypes
[22May2026 17:04:33.248] [modloading-worker-0/INFO] [ModernFix/]: Bypassed Mojang DFU
[22May2026 17:04:33.248] [modloading-worker-0/INFO] [quark-zeta/]: Constructing module Blossom Trees...
[22May2026 17:04:33.250] [modloading-worker-0/INFO] [ModernFix/]: Instantiating Mojang DFU
[22May2026 17:04:33.255] [modloading-worker-0/INFO] [quark-zeta/]: Constructing module Bottled Cloud...
[22May2026 17:04:33.261] [modloading-worker-0/INFO] [quark-zeta/]: Constructing module Buckets Show Inhabitants...
[22May2026 17:04:33.264] [modloading-worker-0/INFO] [quark-zeta/]: Constructing module Camera...
[22May2026 17:04:33.267] [modloading-worker-0/INFO] [quark-zeta/]: Constructing module Campfires Boost Elytra...
[22May2026 17:04:33.268] [modloading-worker-0/INFO] [quark-zeta/]: Constructing module Celebratory Lamps...
[22May2026 17:04:33.271] [modloading-worker-0/INFO] [quark-zeta/]: Constructing module Chains Connect Blocks...
[22May2026 17:04:33.271] [modloading-worker-0/INFO] [quark-zeta/]: Constructing module Chest Searching...
[22May2026 17:04:33.271] [modloading-worker-0/INFO] [quark-zeta/]: Constructing module Chorus Vegetation...
[22May2026 17:04:33.275] [modloading-worker-0/INFO] [quark-zeta/]: Constructing module Chute...
[22May2026 17:04:33.279] [modloading-worker-0/INFO] [quark-zeta/]: Constructing module Climate Control Remover...
[22May2026 17:04:33.280] [modloading-worker-0/INFO] [quark-zeta/]: Constructing module Color Runes...
[22May2026 17:04:33.288] [modloading-worker-0/INFO] [quark-zeta/]: Constructing module Compasses Work Everywhere...
[22May2026 17:04:33.291] [modloading-worker-0/INFO] [quark-zeta/]: Constructing module Compressed Blocks...
[22May2026 17:04:33.293] [modloading-worker-0/INFO] [quark-zeta/]: Constructing module Coral On Cactus...
[22May2026 17:04:33.296] [modloading-worker-0/INFO] [quark-zeta/]: Constructing module Corundum...
[22May2026 17:04:33.313] [modloading-worker-0/INFO] [epicfight/]: Loaded mod compat: GeckolibCompat
[22May2026 17:04:33.314] [modloading-worker-0/INFO] [epicfight/]: Loaded mod compat: CuriosCompat
[22May2026 17:04:33.399] [modloading-worker-0/INFO] [com.teampotato.redirector.Redirector/]: Redirecting net/p1nero/ss/gameassets/SwordSoaringSkillCategories
[22May2026 17:04:33.400] [modloading-worker-0/INFO] [com.teampotato.redirector.Redirector/]: Redirecting net/p1nero/ss/gameassets/SwordSoaringSkillSlots
[22May2026 17:04:33.401] [modloading-worker-0/INFO] [com.teampotato.redirector.Redirector/]: Redirecting net/p1nero/ss/gameassets/SwordSoaringWeaponCategories
[22May2026 17:04:33.401] [modloading-worker-0/INFO] [com.teampotato.redirector.Redirector/]: Redirecting net/p1nero/ss/gameassets/SwordSoaringComboTypes
[22May2026 17:04:33.456] [modloading-worker-0/INFO] [quark-zeta/]: Constructing module Crabs...
[22May2026 17:04:33.481] [modloading-worker-0/INFO] [com.teampotato.redirector.Redirector/]: Redirecting reascer/wom/config/WOMClientConfig$HorizontalBasis
[22May2026 17:04:33.482] [modloading-worker-0/INFO] [com.teampotato.redirector.Redirector/]: Redirecting reascer/wom/config/WOMClientConfig$VerticalBasis
[22May2026 17:04:33.484] [modloading-worker-0/INFO] [quark-zeta/]: Constructing module Crafter...
[22May2026 17:04:33.487] [modloading-worker-0/INFO] [quark-zeta/]: Constructing module Crate...
[22May2026 17:04:33.489] [modloading-worker-0/INFO] [quark-zeta/]: Constructing module Diamond Repair...
[22May2026 17:04:33.490] [modloading-worker-0/INFO] [quark-zeta/]: Constructing module Dispensers Place Blocks...
[22May2026 17:04:33.491] [modloading-worker-0/INFO] [quark-zeta/]: Constructing module Double Door Opening...
[22May2026 17:04:33.492] [modloading-worker-0/INFO] [quark-zeta/]: Constructing module Dragon Scales...
[22May2026 17:04:33.493] [modloading-worker-0/INFO] [quark-zeta/]: Constructing module Duskbound Blocks...
[22May2026 17:04:33.494] [modloading-worker-0/INFO] [quark-zeta/]: Constructing module Dyeable Item Frames...
[22May2026 17:04:33.497] [modloading-worker-0/INFO] [quark-zeta/]: Constructing module Easy Transfering...
[22May2026 17:04:33.499] [modloading-worker-0/INFO] [quark-zeta/]: Constructing module Elytra Indicator...
[22May2026 17:04:33.500] [modloading-worker-0/INFO] [quark-zeta/]: Constructing module Emotes...
[22May2026 17:04:33.500] [modloading-worker-0/INFO] [quark-zeta/]: Constructing module Enchantment Predicates...
[22May2026 17:04:33.503] [modloading-worker-0/INFO] [quark-zeta/]: Constructing module Enchantments Begone...
[22May2026 17:04:33.504] [modloading-worker-0/INFO] [quark-zeta/]: Constructing module Ender Watcher...
[22May2026 17:04:33.507] [modloading-worker-0/INFO] [quark-zeta/]: Constructing module Endermosh Music Disc...
[22May2026 17:04:33.509] [modloading-worker-0/INFO] [quark-zeta/]: Constructing module Enhanced Ladders...
[22May2026 17:04:33.511] [modloading-worker-0/INFO] [quark-zeta/]: Constructing module Expanded Item Interactions...
[22May2026 17:04:33.512] [modloading-worker-0/INFO] [quark-zeta/]: Constructing module Fairy Rings...
[22May2026 17:04:33.514] [modloading-worker-0/INFO] [quark-zeta/]: Constructing module Fallen Logs...
[22May2026 17:04:33.518] [modloading-worker-0/INFO] [quark-zeta/]: Constructing module Feeding Trough...
[22May2026 17:04:33.522] [modloading-worker-0/INFO] [quark-zeta/]: Constructing module Forgotten...
[22May2026 17:04:33.535] [modloading-worker-0/INFO] [quark-zeta/]: Constructing module Foxhound...
[22May2026 17:04:33.539] [modloading-worker-0/INFO] [quark-zeta/]: Constructing module Framed Glass...
[22May2026 17:04:33.540] [modloading-worker-0/INFO] [quark-zeta/]: Constructing module Game Nerfs...
[22May2026 17:04:33.541] [modloading-worker-0/INFO] [quark-zeta/]: Constructing module Glass Item Frame...
[22May2026 17:04:33.546] [modloading-worker-0/INFO] [quark-zeta/]: Constructing module Glass Shard...
[22May2026 17:04:33.549] [modloading-worker-0/INFO] [quark-zeta/]: Constructing module Glimmering Weald...
[22May2026 17:04:33.569] [modloading-worker-0/INFO] [quark-zeta/]: Constructing module Gold Bars...
[22May2026 17:04:33.570] [modloading-worker-0/INFO] [quark-zeta/]: Constructing module Gold Tools Have Fortune...
[22May2026 17:04:33.573] [modloading-worker-0/INFO] [quark-zeta/]: Constructing module Grab Chickens...
[22May2026 17:04:33.578] [modloading-worker-0/INFO] [quark-zeta/]: Constructing module Grate...
[22May2026 17:04:33.583] [modloading-worker-0/INFO] [quark-zeta/]: Constructing module Gravisand...
[22May2026 17:04:33.586] [modloading-worker-0/INFO] [quark-zeta/]: Constructing module Greener Grass...
[22May2026 17:04:33.589] [modloading-worker-0/INFO] [com.teampotato.redirector.Redirector/]: Redirecting net/mehvahdjukaar/supplementaries/common/misc/songs/SongsManager$Source
[22May2026 17:04:33.592] [modloading-worker-0/INFO] [quark-zeta/]: Constructing module Hedges...
[22May2026 17:04:33.594] [modloading-worker-0/INFO] [quark-zeta/]: Constructing module Hoe Harvesting...
[22May2026 17:04:33.597] [modloading-worker-0/INFO] [quark-zeta/]: Constructing module Hollow Logs...
[22May2026 17:04:33.598] [modloading-worker-0/INFO] [quark-zeta/]: Constructing module Horses Swim...
[22May2026 17:04:33.598] [modloading-worker-0/INFO] [quark-zeta/]: Constructing module Hotbar Changer...
[22May2026 17:04:33.598] [modloading-worker-0/INFO] [quark-zeta/]: Constructing module Improved Sponges...
[22May2026 17:04:33.599] [modloading-worker-0/INFO] [quark-zeta/]: Constructing module Improved Tooltips...
[22May2026 17:04:33.599] [modloading-worker-0/INFO] [quark-zeta/]: Constructing module Industrial Palette...
[22May2026 17:04:33.601] [modloading-worker-0/INFO] [quark-zeta/]: Constructing module Inventory Sorting...
[22May2026 17:04:33.601] [modloading-worker-0/INFO] [quark-zeta/]: Constructing module Iron Rod...
[22May2026 17:04:33.610] [modloading-worker-0/INFO] [quark-zeta/]: Constructing module Item Sharing...
[22May2026 17:04:33.616] [modloading-worker-0/INFO] [quark-zeta/]: Constructing module Japanese Palette...
[22May2026 17:04:33.617] [modloading-worker-0/INFO] [quark-zeta/]: Constructing module Leaf Carpet...
[22May2026 17:04:33.621] [modloading-worker-0/INFO] [quark-zeta/]: Constructing module Lock Rotation...
[22May2026 17:04:33.621] [modloading-worker-0/INFO] [quark-zeta/]: Constructing module Long Range Pick Block...
[22May2026 17:04:33.622] [modloading-worker-0/INFO] [quark-zeta/]: Constructing module Magma Keeps Concrete Powder...
[22May2026 17:04:33.622] [modloading-worker-0/INFO] [quark-zeta/]: Constructing module Magnets...
[22May2026 17:04:33.629] [modloading-worker-0/INFO] [com.teampotato.redirector.Redirector/]: Redirecting net/mehvahdjukaar/moonlight/api/fluids/SoftFluid$Capacity
[22May2026 17:04:33.627] [modloading-worker-0/INFO] [quark-zeta/]: Constructing module Map Washing...
[22May2026 17:04:33.631] [modloading-worker-0/INFO] [quark-zeta/]: Constructing module Matrix Enchanting...
[22May2026 17:04:33.634] [modloading-worker-0/INFO] [com.teampotato.redirector.Redirector/]: Redirecting net/mehvahdjukaar/moonlight/api/fluids/SoftFluid$TintMethod
[22May2026 17:04:33.648] [modloading-worker-0/INFO] [quark-zeta/]: Constructing module Metal Buttons...
[22May2026 17:04:33.652] [modloading-worker-0/INFO] [quark-zeta/]: Constructing module Microcrafting Helper...
[22May2026 17:04:33.652] [modloading-worker-0/INFO] [quark-zeta/]: Constructing module Midori...
[22May2026 17:04:33.652] [modloading-worker-0/INFO] [quark-zeta/]: Constructing module Monster Box...
[22May2026 17:04:33.652] [modloading-worker-0/INFO] [quark-zeta/]: Constructing module More Banner Layers...
[22May2026 17:04:33.653] [modloading-worker-0/INFO] [quark-zeta/]: Constructing module More Brick Types...
[22May2026 17:04:33.653] [modloading-worker-0/INFO] [quark-zeta/]: Constructing module More Mud Blocks...
[22May2026 17:04:33.653] [modloading-worker-0/INFO] [quark-zeta/]: Constructing module More Note Block Sounds...
[22May2026 17:04:33.654] [modloading-worker-0/INFO] [quark-zeta/]: Constructing module More Potted Plants...
[22May2026 17:04:33.654] [modloading-worker-0/INFO] [quark-zeta/]: Constructing module More Villagers...
[22May2026 17:04:33.654] [modloading-worker-0/INFO] [quark-zeta/]: Constructing module Narrator Readout...
[22May2026 17:04:33.657] [modloading-worker-0/INFO] [quark-zeta/]: Constructing module Nether Brick Fence Gate...
[22May2026 17:04:33.658] [modloading-worker-0/INFO] [quark-zeta/]: Constructing module Nether Obsidian Spikes...
[22May2026 17:04:33.659] [modloading-worker-0/INFO] [quark-zeta/]: Constructing module New Stone Types...
[22May2026 17:04:33.661] [modloading-worker-0/INFO] [quark-zeta/]: Constructing module No Durability On Cosmetics...
[22May2026 17:04:33.662] [modloading-worker-0/INFO] [quark-zeta/]: Constructing module No More Lava Pockets...
[22May2026 17:04:33.662] [modloading-worker-0/INFO] [quark-zeta/]: Constructing module Obsidian Plate...
[22May2026 17:04:33.662] [modloading-worker-0/INFO] [quark-zeta/]: Constructing module Overlay Shader...
[22May2026 17:04:33.663] [modloading-worker-0/INFO] [quark-zeta/]: Constructing module Parrot Eggs...
[22May2026 17:04:33.665] [modloading-worker-0/INFO] [quark-zeta/]: Constructing module Pat The Dogs...
[22May2026 17:04:33.670] [modloading-worker-0/INFO] [quark-zeta/]: Constructing module Pathfinder Maps...
[22May2026 17:04:33.672] [modloading-worker-0/INFO] [quark-zeta/]: Constructing module Permafrost...
[22May2026 17:04:33.674] [modloading-worker-0/INFO] [quark-zeta/]: Constructing module Petals On Water...
[22May2026 17:04:33.676] [modloading-worker-0/INFO] [quark-zeta/]: Constructing module Pickarang...
[22May2026 17:04:33.678] [modloading-worker-0/INFO] [quark-zeta/]: Constructing module Pig Litters...
[22May2026 17:04:33.681] [modloading-worker-0/INFO] [quark-zeta/]: Constructing module Pipes...
[22May2026 17:04:33.692] [modloading-worker-0/INFO] [quark-zeta/]: Constructing module Pistons Move Tile Entities...
[22May2026 17:04:33.697] [modloading-worker-0/INFO] [quark-zeta/]: Constructing module Poison Potato Usage...
[22May2026 17:04:33.700] [modloading-worker-0/INFO] [quark-zeta/]: Constructing module Quick Armor Swapping...
[22May2026 17:04:33.700] [modloading-worker-0/INFO] [quark-zeta/]: Constructing module Rainbow Lamps...
[22May2026 17:04:33.701] [modloading-worker-0/INFO] [quark-zeta/]: Constructing module Raw Metal Bricks...
[22May2026 17:04:33.701] [modloading-worker-0/INFO] [quark-zeta/]: Constructing module Reacharound Placing...
[22May2026 17:04:33.702] [modloading-worker-0/INFO] [quark-zeta/]: Constructing module Redstone Randomizer...
[22May2026 17:04:33.712] [modloading-worker-0/INFO] [quark-zeta/]: Constructing module Renewable Spore Blossoms...
[22May2026 17:04:33.713] [modloading-worker-0/INFO] [quark-zeta/]: Constructing module Replace Scaffolding...
[22May2026 17:04:33.714] [modloading-worker-0/INFO] [quark-zeta/]: Constructing module Rope...
[22May2026 17:04:33.718] [modloading-worker-0/INFO] [quark-zeta/]: Constructing module Safer Creatures...
[22May2026 17:04:33.718] [modloading-worker-0/INFO] [quark-zeta/]: Constructing module Seed Pouch...
[22May2026 17:04:33.723] [modloading-worker-0/INFO] [quark-zeta/]: Constructing module Shear Vines...
[22May2026 17:04:33.738] [modloading-worker-0/INFO] [quark-zeta/]: Constructing module Shiba...
[22May2026 17:04:33.739] [modloading-worker-0/INFO] [quark-zeta/]: Constructing module Shingles...
[22May2026 17:04:33.740] [modloading-worker-0/INFO] [quark-zeta/]: Constructing module Shulker Packing...
[22May2026 17:04:33.740] [modloading-worker-0/INFO] [com.teampotato.redirector.Redirector/]: Redirecting net/cristellib/config/ConfigType
[22May2026 17:04:33.741] [modloading-worker-0/INFO] [quark-zeta/]: Constructing module Simple Harvest...
[22May2026 17:04:33.743] [modloading-worker-0/INFO] [quark-zeta/]: Constructing module Skull Pikes...
[22May2026 17:04:33.745] [modloading-worker-0/INFO] [quark-zeta/]: Constructing module Slabs To Blocks...
[22May2026 17:04:33.746] [modloading-worker-0/INFO] [quark-zeta/]: Constructing module Slime In A Bucket...
[22May2026 17:04:33.748] [modloading-worker-0/INFO] [quark-zeta/]: Constructing module Slimes To Magma Cubes...
[22May2026 17:04:33.748] [modloading-worker-0/INFO] [quark-zeta/]: Constructing module Snow Golem Player Heads...
[22May2026 17:04:33.749] [modloading-worker-0/INFO] [quark-zeta/]: Constructing module Soul Candles...
[22May2026 17:04:33.752] [modloading-worker-0/INFO] [quark-zeta/]: Constructing module Soul Sandstone...
[22May2026 17:04:33.752] [modloading-worker-0/INFO] [quark-zeta/]: Constructing module Spawner Replacer...
[22May2026 17:04:33.756] [modloading-worker-0/INFO] [quark-zeta/]: Constructing module Spiral Spires...
[22May2026 17:04:33.758] [modloading-worker-0/INFO] [quark-zeta/]: Constructing module Stonelings...
[22May2026 17:04:33.761] [modloading-worker-0/INFO] [quark-zeta/]: Constructing module Stools...
[22May2026 17:04:33.761] [modloading-worker-0/INFO] [quark-zeta/]: Constructing module Sturdy Stone...
[22May2026 17:04:33.763] [modloading-worker-0/INFO] [quark-zeta/]: Constructing module Thatch...
[22May2026 17:04:33.764] [modloading-worker-0/INFO] [quark-zeta/]: Constructing module Tiny Potato...
[22May2026 17:04:33.767] [modloading-worker-0/INFO] [quark-zeta/]: Constructing module Torch Arrow...
[22May2026 17:04:33.777] [modloading-worker-0/INFO] [quark-zeta/]: Constructing module Toretoise...
[22May2026 17:04:33.777] [modloading-worker-0/INFO] [quark-zeta/]: Constructing module Totem Of Holding...
[22May2026 17:04:33.781] [modloading-worker-0/INFO] [quark-zeta/]: Constructing module Trowel...
[22May2026 17:04:33.782] [modloading-worker-0/INFO] [quark-zeta/]: Constructing module Usage Ticker...
[22May2026 17:04:33.783] [modloading-worker-0/INFO] [quark-zeta/]: Constructing module Uses For Curses...
[22May2026 17:04:33.784] [modloading-worker-0/INFO] [quark-zeta/]: Constructing module Utility Recipes...
[22May2026 17:04:33.784] [modloading-worker-0/INFO] [quark-zeta/]: Constructing module Variant Animal Textures...
[22May2026 17:04:33.785] [modloading-worker-0/INFO] [quark-zeta/]: Constructing module Variant Bookshelves...
[22May2026 17:04:33.785] [modloading-worker-0/INFO] [quark-zeta/]: Constructing module Variant Chests...
[22May2026 17:04:33.809] [modloading-worker-0/INFO] [quark-zeta/]: Constructing module Variant Furnaces...
[22May2026 17:04:33.821] [modloading-worker-0/INFO] [quark-zeta/]: Constructing module Variant Ladders...
[22May2026 17:04:33.822] [modloading-worker-0/INFO] [quark-zeta/]: Constructing module Variant Selector...
[22May2026 17:04:33.824] [modloading-worker-0/INFO] [quark-zeta/]: Constructing module Vertical Planks...
[22May2026 17:04:33.825] [modloading-worker-0/INFO] [quark-zeta/]: Constructing module Vertical Slabs...
[22May2026 17:04:33.839] [modloading-worker-0/INFO] [quark-zeta/]: Constructing module Vexes Die With Their Masters...
[22May2026 17:04:33.840] [modloading-worker-0/INFO] [quark-zeta/]: Constructing module Villager Rerolling Rework...
[22May2026 17:04:33.848] [modloading-worker-0/INFO] [quark-zeta/]: Constructing module Villagers Follow Emeralds...
[22May2026 17:04:33.848] [modloading-worker-0/INFO] [quark-zeta/]: Constructing module Wooden Posts...
[22May2026 17:04:33.852] [modloading-worker-0/INFO] [quark-zeta/]: Constructing module Wool Shuts Up Minecarts...
[22May2026 17:04:33.853] [modloading-worker-0/INFO] [quark-zeta/]: Constructing module Wraith...
[22May2026 17:04:33.855] [modloading-worker-0/INFO] [quark-zeta/]: Constructing module Zombie Villagers On Normal...
[22May2026 17:04:33.856] [modloading-worker-0/INFO] [quark-zeta/]: Constructing module More Stone Variants...
[22May2026 17:04:33.856] [modloading-worker-0/INFO] [quark-zeta/]: Constructed 164 modules.
[22May2026 17:04:33.998] [modloading-worker-0/INFO] [quark-zeta/]: Doing super early config setup for quark
[22May2026 17:04:34.354] [main/INFO] [com.teampotato.redirector.Redirector/]: Redirecting yesman/epicfight/api/animation/property/AnimationEvent$Side
[22May2026 17:04:34.589] [main/INFO] [com.teampotato.redirector.Redirector/]: Redirecting net/minecraft/world/item/ItemDisplayContext
[22May2026 17:04:34.616] [main/INFO] [com.teampotato.redirector.Redirector/]: Redirecting net/minecraft/network/chat/ChatTypeDecoration$Parameter
[22May2026 17:04:34.626] [main/INFO] [com.teampotato.redirector.Redirector/]: Redirecting net/minecraft/world/damagesource/DamageScaling
[22May2026 17:04:34.627] [main/INFO] [com.teampotato.redirector.Redirector/]: Redirecting net/minecraft/world/damagesource/DamageEffects
[22May2026 17:04:34.628] [main/INFO] [com.teampotato.redirector.Redirector/]: Redirecting net/minecraft/world/damagesource/DeathMessageType
[22May2026 17:04:35.484] [main/INFO] [com.teampotato.redirector.Redirector/]: Redirecting dev/worldgen/lithostitched/worldgen/feature/config/CompositeConfig$Type
[22May2026 17:04:35.513] [main/INFO] [com.teampotato.redirector.Redirector/]: Redirecting dev/worldgen/lithostitched/worldgen/processor/enums/RandomMode
[22May2026 17:04:35.550] [main/INFO] [com.teampotato.redirector.Redirector/]: Redirecting org/violetmoon/zeta/registry/RenderLayerRegistry$Layer
[22May2026 17:04:35.572] [main/INFO] [com.teampotato.redirector.Redirector/]: Redirecting org/violetmoon/quark/content/building/block/WoodPostBlock$PostSideType
[22May2026 17:04:35.674] [main/INFO] [com.teampotato.redirector.Redirector/]: Redirecting org/violetmoon/quark/base/util/CorundumColor
[22May2026 17:04:35.705] [main/INFO] [com.teampotato.redirector.Redirector/]: Redirecting org/violetmoon/quark/content/automation/block/CrafterBlock$PowerState
[22May2026 17:04:35.867] [main/INFO] [com.teampotato.redirector.Redirector/]: Redirecting net/minecraft/world/entity/animal/Parrot$Variant
[22May2026 17:04:35.888] [main/INFO] [com.teampotato.redirector.Redirector/]: Redirecting org/violetmoon/quark/content/automation/base/RandomizerPowerState
[22May2026 17:04:36.362] [main/INFO] [com.teampotato.redirector.Redirector/]: Redirecting org/violetmoon/quark/content/building/block/VerticalSlabBlock$VerticalSlabType
[22May2026 17:04:36.388] [main/INFO] [com.teampotato.redirector.Redirector/]: Redirecting net/mehvahdjukaar/supplementaries/common/block/ModBlockProperties$Topping
[22May2026 17:04:36.389] [main/INFO] [com.teampotato.redirector.Redirector/]: Redirecting net/mehvahdjukaar/supplementaries/common/block/ModBlockProperties$Winding
[22May2026 17:04:36.389] [main/INFO] [com.teampotato.redirector.Redirector/]: Redirecting net/mehvahdjukaar/supplementaries/common/block/ModBlockProperties$PostType
[22May2026 17:04:36.390] [main/INFO] [com.teampotato.redirector.Redirector/]: Redirecting net/mehvahdjukaar/supplementaries/common/block/ModBlockProperties$RakeDirection
[22May2026 17:04:36.391] [main/INFO] [com.teampotato.redirector.Redirector/]: Redirecting net/mehvahdjukaar/supplementaries/common/block/ModBlockProperties$DisplayStatus
[22May2026 17:04:36.391] [main/INFO] [com.teampotato.redirector.Redirector/]: Redirecting net/mehvahdjukaar/supplementaries/common/block/ModBlockProperties$Rune
[22May2026 17:04:36.392] [main/INFO] [com.teampotato.redirector.Redirector/]: Redirecting net/mehvahdjukaar/supplementaries/common/block/ModBlockProperties$Bunting
[22May2026 17:04:36.436] [main/INFO] [com.teampotato.redirector.Redirector/]: Redirecting com/teamremastered/endrem/blocks/ERFrameProperties
[22May2026 17:04:36.509] [main/INFO] [com.teampotato.redirector.Redirector/]: Redirecting org/dawnoftime/dawnoftime/util/BlockStatePropertiesAA$FencePillar
[22May2026 17:04:36.509] [main/INFO] [com.teampotato.redirector.Redirector/]: Redirecting org/dawnoftime/dawnoftime/util/BlockStatePropertiesAA$HorizontalConnection
[22May2026 17:04:36.510] [main/INFO] [com.teampotato.redirector.Redirector/]: Redirecting org/dawnoftime/dawnoftime/util/BlockStatePropertiesAA$OpenPosition
[22May2026 17:04:36.510] [main/INFO] [com.teampotato.redirector.Redirector/]: Redirecting org/dawnoftime/dawnoftime/util/BlockStatePropertiesAA$PillarConnection
[22May2026 17:04:36.511] [main/INFO] [com.teampotato.redirector.Redirector/]: Redirecting org/dawnoftime/dawnoftime/util/BlockStatePropertiesAA$VerticalConnection
[22May2026 17:04:36.511] [main/INFO] [com.teampotato.redirector.Redirector/]: Redirecting org/dawnoftime/dawnoftime/util/BlockStatePropertiesAA$SquareCorners
[22May2026 17:04:36.512] [main/INFO] [com.teampotato.redirector.Redirector/]: Redirecting org/dawnoftime/dawnoftime/util/BlockStatePropertiesAA$VerticalLimitedConnection
[22May2026 17:04:36.512] [main/INFO] [com.teampotato.redirector.Redirector/]: Redirecting org/dawnoftime/dawnoftime/util/BlockStatePropertiesAA$WaterTrickleEnd
[22May2026 17:04:36.642] [main/INFO] [com.teampotato.redirector.Redirector/]: Redirecting net/BKTeam/illagerrevolutionmod/block/custom/DrumBlock$Drum
[22May2026 17:04:36.649] [main/INFO] [com.teampotato.redirector.Redirector/]: Redirecting com/bobmowzie/mowziesmobs/server/block/GongBlock$GongPart
[22May2026 17:04:36.650] [main/INFO] [com.teampotato.redirector.Redirector/]: Redirecting com/bobmowzie/mowziesmobs/server/block/RakedSandBlock$RakedSandShape
[22May2026 17:04:36.654] [main/INFO] [com.teampotato.redirector.Redirector/]: Redirecting net/blay09/mods/waystones/api/WaystoneOrigin
[22May2026 17:04:36.656] [main/INFO] [com.teampotato.redirector.Redirector/]: Redirecting net/blay09/mods/waystones/block/WarpPlateBlock$WarpPlateStatus
[22May2026 17:04:36.683] [main/INFO] [com.teampotato.redirector.Redirector/]: Redirecting dev/hexnowloading/dungeonnowloading/block/StoneNotchBlock$StoneNotchMaterialSignalStrength
[22May2026 17:04:36.703] [main/INFO] [com.teampotato.redirector.Redirector/]: Redirecting dev/hexnowloading/dungeonnowloading/block/DuriteClusterBlock$HitboxPreset
[22May2026 17:04:36.721] [main/INFO] [com.teampotato.redirector.Redirector/]: Redirecting biomesoplenty/block/AnomalyBlock$AnomalyType
[22May2026 17:04:36.724] [main/INFO] [com.teampotato.redirector.Redirector/]: Redirecting biomesoplenty/block/properties/ConnectedProperty
[22May2026 17:04:36.761] [main/INFO] [com.teampotato.redirector.Redirector/]: Redirecting biomesoplenty/block/properties/QuarterProperty
[22May2026 17:04:36.766] [main/INFO] [com.teampotato.redirector.Redirector/]: Redirecting terrablender/api/SurfaceRuleManager$RuleCategory
[22May2026 17:04:36.773] [main/INFO] [com.teampotato.redirector.Redirector/]: Redirecting terrablender/api/SurfaceRuleManager$RuleStage
[22May2026 17:04:36.816] [main/INFO] [com.teampotato.redirector.Redirector/]: Redirecting org/primal/block/properties/SharkToothThickness
[22May2026 17:04:36.820] [main/INFO] [com.teampotato.redirector.Redirector/]: Redirecting org/primal/block/properties/TripleBlockHalf
[22May2026 17:04:36.932] [main/INFO] [com.teampotato.redirector.Redirector/]: Redirecting net/minecraft/world/level/block/Mirror
[22May2026 17:04:37.258] [main/INFO] [com.teampotato.redirector.Redirector/]: Redirecting com/github/alexthe666/alexsmobs/item/ItemEcholocator$EchoType
[22May2026 17:04:37.278] [main/INFO] [com.teampotato.redirector.Redirector/]: Redirecting net/p3pp3rf1y/sophisticatedcore/upgrades/filter/Direction
[22May2026 17:04:37.296] [main/INFO] [com.teampotato.redirector.Redirector/]: Redirecting it/hurts/sskirillss/relics/items/relics/base/data/cast/misc/RelicContainer
[22May2026 17:04:37.299] [main/INFO] [com.teampotato.redirector.Redirector/]: Redirecting it/hurts/sskirillss/relics/items/relics/base/data/leveling/misc/UpgradeOperation
[22May2026 17:04:37.311] [main/INFO] [com.teampotato.redirector.Redirector/]: Redirecting com/finderfeed/fdbosses/content/data_components/ItemCoreDataComponent$CoreType
[22May2026 17:04:37.318] [main/INFO] [com.teampotato.redirector.Redirector/]: Redirecting com/blueeagle421/functionality/entity/custom/ObsidianBoatEntity$Type
[22May2026 17:04:37.331] [main/INFO] [com.teampotato.redirector.Redirector/]: Redirecting net/BKTeam/illagerrevolutionmod/item/ModArmorMaterials
[22May2026 17:04:37.333] [main/INFO] [com.teampotato.redirector.Redirector/]: Redirecting net/BKTeam/illagerrevolutionmod/item/Beast
[22May2026 17:04:37.353] [main/INFO] [com.teampotato.redirector.Redirector/]: Redirecting com/bobmowzie/mowziesmobs/server/entity/umvuthana/MaskType
[22May2026 17:04:37.361] [main/INFO] [com.teampotato.redirector.Redirector/]: Redirecting com/bobmowzie/mowziesmobs/server/entity/elokosa/PawType
[22May2026 17:04:37.373] [main/INFO] [com.teampotato.redirector.Redirector/]: Redirecting dev/hexnowloading/dungeonnowloading/item/DNLArmorMaterial
[22May2026 17:04:37.408] [main/INFO] [com.teampotato.redirector.Redirector/]: Redirecting biomesoplenty/entity/BoatBOP$ModelType
[22May2026 17:04:37.442] [main/INFO] [com.teampotato.redirector.Redirector/]: Redirecting net/sweenus/simplyswords/item/ModToolMaterial
[22May2026 17:04:37.522] [main/INFO] [com.teampotato.redirector.Redirector/]: Redirecting net/miauczel/legendary_monsters/item/custom/customArmor/ModArmorMaterials
[22May2026 17:04:37.554] [main/INFO] [com.teampotato.redirector.Redirector/]: Redirecting sfiomn/legendarycreatures/items/materials/ArmorMaterialBase
[22May2026 17:04:37.600] [main/INFO] [com.teampotato.redirector.Redirector/]: Redirecting net/mehvahdjukaar/supplementaries/common/entities/BombEntity$BombType
[22May2026 17:04:37.620] [main/INFO] [com.teampotato.redirector.Redirector/]: Redirecting com/ovinter/mythsandlegends/item/armor/MLArmorMaterials
[22May2026 17:04:37.630] [main/INFO] [com.teampotato.redirector.Redirector/]: Redirecting com/teammetallurgy/aquaculture/api/AquaArmorMaterials
[22May2026 17:04:37.638] [main/INFO] [com.teampotato.redirector.Redirector/]: Redirecting net/corruptdog/cdm/world/item/CorruptItemTier
[22May2026 17:04:37.639] [main/INFO] [com.teampotato.redirector.Redirector/]: Redirecting net/corruptdog/cdm/world/item/items/YamatoTier
[22May2026 17:04:37.645] [main/INFO] [com.teampotato.redirector.Redirector/]: Redirecting yesman/epicfight/world/item/EpicFightItemTier
[22May2026 17:04:37.649] [main/INFO] [com.teampotato.redirector.Redirector/]: Redirecting yesman/epicfight/world/item/EpicFightArmorMaterials
[22May2026 17:04:37.656] [main/INFO] [com.teampotato.redirector.Redirector/]: Redirecting reascer/wom/world/item/WomArmorMaterials
[22May2026 17:04:38.371] [main/INFO] [Moonlight/]: Initialized block sets in 19ms
[22May2026 17:04:38.833] [main/INFO] [com.teampotato.redirector.Redirector/]: Redirecting tictim/paraglider/forge/contents/loot/LootConditions
[22May2026 17:04:38.999] [main/INFO] [com.teampotato.redirector.Redirector/]: Redirecting yesman/epicfight/world/damagesource/StunType
[22May2026 17:04:39.001] [main/INFO] [com.teampotato.redirector.Redirector/]: Redirecting com/p1nero/invincible/api/events/Side
[22May2026 17:04:39.008] [main/INFO] [com.teampotato.redirector.Redirector/]: Redirecting yesman/epicfight/skill/Skill$ActivateType
[22May2026 17:04:39.008] [main/INFO] [com.teampotato.redirector.Redirector/]: Redirecting yesman/epicfight/skill/Skill$Resource
[22May2026 17:04:39.124] [main/INFO] [com.teampotato.redirector.Redirector/]: Redirecting reascer/wom/world/capabilities/item/WOMWeaponCategories
[22May2026 17:04:39.208] [main/INFO] [com.teampotato.redirector.Redirector/]: Redirecting com/finderfeed/fdlib/systems/cutscenes/CurveType
[22May2026 17:04:39.230] [main/INFO] [com.teampotato.redirector.Redirector/]: Redirecting com/telepathicgrunt/repurposedstructures/world/forge/biomemodifiers/AdditionsTemperatureModifier$TEMPERATURE_RANGE
[22May2026 17:04:39.260] [main/INFO] [com.teampotato.redirector.Redirector/]: Redirecting net/minecraft/world/level/pathfinder/BlockPathTypes
[22May2026 17:04:39.329] [main/INFO] [com.teampotato.redirector.Redirector/]: Redirecting net/minecraft/world/Difficulty
[22May2026 17:04:39.338] [main/WARN] [net.minecraft.network.syncher.SynchedEntityData/]: defineId called for: class net.minecraft.world.entity.player.Player from class yesman.epicfight.world.capabilities.entitypatch.player.PlayerPatch
[22May2026 17:04:39.402] [main/INFO] [com.teampotato.redirector.Redirector/]: Redirecting dev/hexnowloading/dungeonnowloading/entity/boss/ChaosSpawnerEntity$State
[22May2026 17:04:39.402] [main/INFO] [com.teampotato.redirector.Redirector/]: Redirecting dev/hexnowloading/dungeonnowloading/entity/monster/SpawnerCarrierEntity$SpawnerCarrierAnimationState
[22May2026 17:04:39.403] [main/INFO] [com.teampotato.redirector.Redirector/]: Redirecting dev/hexnowloading/dungeonnowloading/entity/boss/FairkeeperSerpentCallerEntity$FairkeeperSerpentCallerAnimationState
[22May2026 17:04:39.403] [main/INFO] [com.teampotato.redirector.Redirector/]: Redirecting dev/hexnowloading/dungeonnowloading/entity/boss/FairkeeperBorosEntity$FairkeeperBorosState
[22May2026 17:04:39.403] [main/INFO] [com.teampotato.redirector.Redirector/]: Redirecting dev/hexnowloading/dungeonnowloading/entity/boss/FairkeeperBorosEntity$FairkeeperBorosAnimationState
[22May2026 17:04:39.404] [main/INFO] [com.teampotato.redirector.Redirector/]: Redirecting dev/hexnowloading/dungeonnowloading/entity/boss/FairkeeperOurosEntity$FairkeeperOurosState
[22May2026 17:04:39.404] [main/INFO] [com.teampotato.redirector.Redirector/]: Redirecting dev/hexnowloading/dungeonnowloading/entity/boss/FairkeeperOurosEntity$FairkeeperOurosAnimationState
[22May2026 17:04:39.405] [main/INFO] [com.teampotato.redirector.Redirector/]: Redirecting dev/hexnowloading/dungeonnowloading/entity/boss/FairkeeperOurosPartEntity$FairkeeperOurosPartState
[22May2026 17:04:39.405] [main/INFO] [com.teampotato.redirector.Redirector/]: Redirecting dev/hexnowloading/dungeonnowloading/entity/boss/FairkeeperOurosPartEntity$FairkeeperOurosPartAnimationState
[22May2026 17:04:39.405] [main/INFO] [com.teampotato.redirector.Redirector/]: Redirecting dev/hexnowloading/dungeonnowloading/entity/monster/ScuttleEntity$ScuttleState
[22May2026 17:04:39.405] [main/INFO] [com.teampotato.redirector.Redirector/]: Redirecting dev/hexnowloading/dungeonnowloading/entity/monster/BallistaGolemEntity$BallistaGolemState
[22May2026 17:04:39.406] [main/INFO] [com.teampotato.redirector.Redirector/]: Redirecting dev/hexnowloading/dungeonnowloading/entity/passive/CopperCreepEntity$State
[22May2026 17:04:39.406] [main/INFO] [com.teampotato.redirector.Redirector/]: Redirecting dev/hexnowloading/dungeonnowloading/entity/passive/CopperCreepEntity$Skin
[22May2026 17:04:39.407] [main/INFO] [com.teampotato.redirector.Redirector/]: Redirecting dev/hexnowloading/dungeonnowloading/entity/passive/CopperCreepEntity$CopperCreepAnimationState
[22May2026 17:04:39.407] [main/INFO] [com.teampotato.redirector.Redirector/]: Redirecting dev/hexnowloading/dungeonnowloading/entity/projectile/VertexDomainProjectileEntity$VertexDomainAnimationState
[22May2026 17:04:39.407] [main/INFO] [com.teampotato.redirector.Redirector/]: Redirecting dev/hexnowloading/dungeonnowloading/entity/misc/RepulsorEntity$State
[22May2026 17:04:39.408] [main/INFO] [com.teampotato.redirector.Redirector/]: Redirecting dev/hexnowloading/dungeonnowloading/entity/misc/RepulsorEntity$Skin
[22May2026 17:04:39.408] [main/INFO] [com.teampotato.redirector.Redirector/]: Redirecting dev/hexnowloading/dungeonnowloading/entity/misc/SeepingSoulEntity$SeepingSoulAnimationState
[22May2026 17:04:39.408] [main/INFO] [com.teampotato.redirector.Redirector/]: Redirecting dev/hexnowloading/dungeonnowloading/entity/monster/GarholdEntity$GarholdState
[22May2026 17:04:39.409] [main/INFO] [com.teampotato.redirector.Redirector/]: Redirecting dev/hexnowloading/dungeonnowloading/entity/monster/GarholdEntity$GarholdAnimationState
[22May2026 17:04:39.409] [main/INFO] [com.teampotato.redirector.Redirector/]: Redirecting dev/hexnowloading/dungeonnowloading/entity/monster/GarholdEntity$GarholdSideGateAnimationState
[22May2026 17:04:39.409] [main/INFO] [com.teampotato.redirector.Redirector/]: Redirecting dev/hexnowloading/dungeonnowloading/entity/monster/BrokenGarholdEntity$BrokenGarholdState
[22May2026 17:04:39.410] [main/INFO] [com.teampotato.redirector.Redirector/]: Redirecting dev/hexnowloading/dungeonnowloading/entity/passive/WhimperEntity$WhimperAnimationState
[22May2026 17:04:39.410] [main/INFO] [com.teampotato.redirector.Redirector/]: Redirecting dev/hexnowloading/dungeonnowloading/entity/passive/WhimperEntity$Skin
[22May2026 17:04:39.438] [main/WARN] [net.minecraft.network.syncher.SynchedEntityData/]: defineId called for: class net.miauczel.legendary_monsters.entity.AnimatedMonster.OriginClasses.IAnimatedMonster from class net.miauczel.legendary_monsters.entity.AnimatedMonster.OriginClasses.IAnimatedMiniBoss
[22May2026 17:04:39.439] [main/WARN] [net.minecraft.network.syncher.SynchedEntityData/]: defineId called for: class net.miauczel.legendary_monsters.entity.AnimatedMonster.IAnimatedBoss.TheObliterator.TheObliteratorEntity from class net.miauczel.legendary_monsters.entity.AnimatedMonster.Mobs.ShulkerTower.Shulker_MimicEntity
[22May2026 17:04:39.440] [main/WARN] [net.minecraft.network.syncher.SynchedEntityData/]: defineId called for: class net.miauczel.legendary_monsters.entity.AnimatedMonster.OriginClasses.IAnimatedMonster from class net.miauczel.legendary_monsters.entity.AnimatedMonster.OriginClasses.IAnimatedBoss
[22May2026 17:04:39.441] [main/WARN] [net.minecraft.network.syncher.SynchedEntityData/]: defineId called for: class net.miauczel.legendary_monsters.entity.AnimatedMonster.IAnimatedBoss.TheObliterator.TheObliteratorEntity from class net.miauczel.legendary_monsters.entity.AnimatedMonster.Mobs.SpaceStation.Flameborn.AnnihilationPursuer.AnnihilationPursuerEntity
[22May2026 17:04:39.445] [main/WARN] [net.minecraft.network.syncher.SynchedEntityData/]: defineId called for: class net.minecraft.world.entity.TamableAnimal from class reascer.wom.world.entity.mob.EnderHand
[22May2026 17:04:39.446] [main/WARN] [net.minecraft.network.syncher.SynchedEntityData/]: defineId called for: class net.minecraft.world.entity.TamableAnimal from class reascer.wom.world.entity.mob.TargetingHelper
[22May2026 17:04:39.472] [main/WARN] [net.minecraft.network.syncher.SynchedEntityData/]: defineId called for: class net.minecraft.world.entity.boss.wither.WitherBoss from class yesman.epicfight.world.capabilities.entitypatch.boss.WitherPatch
[22May2026 17:04:39.472] [main/WARN] [net.minecraft.network.syncher.SynchedEntityData/]: defineId called for: class net.minecraft.world.entity.boss.wither.WitherBoss from class yesman.epicfight.world.capabilities.entitypatch.boss.WitherPatch
[22May2026 17:04:39.472] [main/WARN] [net.minecraft.network.syncher.SynchedEntityData/]: defineId called for: class net.minecraft.world.entity.boss.wither.WitherBoss from class yesman.epicfight.world.capabilities.entitypatch.boss.WitherPatch
[22May2026 17:04:39.472] [main/WARN] [net.minecraft.network.syncher.SynchedEntityData/]: defineId called for: class net.minecraft.world.entity.boss.wither.WitherBoss from class yesman.epicfight.world.capabilities.entitypatch.boss.WitherPatch
[22May2026 17:04:39.473] [main/WARN] [net.minecraft.network.syncher.SynchedEntityData/]: defineId called for: class net.minecraft.world.entity.boss.wither.WitherBoss from class yesman.epicfight.world.capabilities.entitypatch.boss.WitherPatch
[22May2026 17:04:39.473] [main/WARN] [net.minecraft.network.syncher.SynchedEntityData/]: defineId called for: class net.minecraft.world.entity.boss.wither.WitherBoss from class yesman.epicfight.world.capabilities.entitypatch.boss.WitherPatch
[22May2026 17:04:39.473] [main/WARN] [net.minecraft.network.syncher.SynchedEntityData/]: defineId called for: class net.minecraft.world.entity.boss.wither.WitherBoss from class yesman.epicfight.world.capabilities.entitypatch.boss.WitherPatch
[22May2026 17:04:39.473] [main/WARN] [net.minecraft.network.syncher.SynchedEntityData/]: defineId called for: class net.minecraft.world.entity.boss.wither.WitherBoss from class yesman.epicfight.world.capabilities.entitypatch.boss.WitherPatch
[22May2026 17:04:39.473] [main/WARN] [net.minecraft.network.syncher.SynchedEntityData/]: defineId called for: class net.minecraft.world.entity.boss.wither.WitherBoss from class yesman.epicfight.world.capabilities.entitypatch.boss.WitherPatch
[22May2026 17:04:39.492] [main/INFO] [com.teampotato.redirector.Redirector/]: Redirecting net/minecraftforge/event/entity/SpawnPlacementRegisterEvent$Operation
[22May2026 17:04:39.735] [main/INFO] [com.teampotato.redirector.Redirector/]: Redirecting com/github/alexthe666/citadel/config/biome/BiomeEntryType
[22May2026 17:04:39.892] [main/INFO] [com.teampotato.redirector.Redirector/]: Redirecting tschipp/carryon/client/modeloverride/ModelOverride$Type
[22May2026 17:04:39.928] [main/INFO] [Puzzles Lib/]: Loading common config for mutantmonsters
[22May2026 17:04:39.945] [main/INFO] [com.teampotato.redirector.Redirector/]: Redirecting net/sonmok14/fromtheshadows/server/world/biome/BiomeEntryType
[22May2026 17:04:39.961] [main/WARN] [net.minecraftforge.common.ForgeConfigSpec/CORE]: Configuration file /workspaces/anashe-cherver/servidor_minecraft/config/legendarycreatures/legendarycreatures-common.toml is not correct. Correcting
[22May2026 17:04:39.962] [main/WARN] [net.minecraftforge.common.ForgeConfigSpec/CORE]: Incorrect key MobSpawning.wisp.Wisp Purse Xp Reward Range  was corrected from [30, 30] to its default, [30, 30]. 
[22May2026 17:04:39.962] [main/WARN] [net.minecraftforge.common.ForgeConfigSpec/CORE]: Incorrect key MobSpawning.nether_wisp.Nether Wisp Purse Xp Reward Range  was corrected from [80, 80] to its default, [80, 80]. 
[22May2026 17:04:39.962] [main/WARN] [net.minecraftforge.common.ForgeConfigSpec/CORE]: Incorrect key MobSpawning.ender_wisp.Ender Wisp Purse Xp Reward Range  was corrected from [240, 240] to its default, [240, 240]. 
[22May2026 17:04:40.174] [modloading-worker-0/INFO] [com.teampotato.redirector.Redirector/]: Redirecting dev/shadowsoffire/gateways/gate/Gateway$Size
[22May2026 17:04:40.181] [modloading-worker-0/INFO] [com.teampotato.redirector.Redirector/]: Redirecting net/minecraft/world/entity/Entity$RemovalReason
[22May2026 17:04:40.186] [modloading-worker-0/INFO] [com.teampotato.redirector.Redirector/]: Redirecting net/minecraft/world/entity/HumanoidArm
[22May2026 17:04:40.198] [modloading-worker-0/INFO] [com.teampotato.redirector.Redirector/]: Redirecting net/minecraft/commands/arguments/EntityAnchorArgument$Anchor
[22May2026 17:04:40.214] [modloading-worker-0/INFO] [com.teampotato.redirector.Redirector/]: Redirecting dev/shadowsoffire/gateways/gate/BossEventSettings$Mode
[22May2026 17:04:40.238] [modloading-worker-0/INFO] [com.teampotato.redirector.Redirector/]: Redirecting com/cerbon/cerbons_api/api/network/data/Side
[22May2026 17:04:40.250] [modloading-worker-0/INFO] [net.mint_gaming_studios.recased.ReCased/]: Starting Common Setup for recased.
[22May2026 17:04:40.251] [modloading-worker-0/INFO] [com.teampotato.redirector.Redirector/]: Redirecting org/yaml/snakeyaml/introspector/BeanAccess
[22May2026 17:04:40.256] [modloading-worker-0/INFO] [net.mint_gaming_studios.recased.data.CaseDataManager/]: Loaded case data: special
[22May2026 17:04:40.263] [modloading-worker-0/INFO] [com.teampotato.redirector.Redirector/]: Redirecting org/yaml/snakeyaml/nodes/NodeId
[22May2026 17:04:40.272] [modloading-worker-0/INFO] [com.teampotato.redirector.Redirector/]: Redirecting mezz/jei/common/network/PacketIdServer
[22May2026 17:04:40.281] [modloading-worker-0/INFO] [com.teampotato.redirector.Redirector/]: Redirecting mezz/jei/common/config/GiveMode
[22May2026 17:04:40.282] [modloading-worker-0/INFO] [com.teampotato.redirector.Redirector/]: Redirecting org/yaml/snakeyaml/DumperOptions$ScalarStyle
[22May2026 17:04:40.283] [modloading-worker-0/INFO] [com.teampotato.redirector.Redirector/]: Redirecting org/yaml/snakeyaml/DumperOptions$FlowStyle
[22May2026 17:04:40.285] [modloading-worker-0/INFO] [com.teampotato.redirector.Redirector/]: Redirecting org/yaml/snakeyaml/DumperOptions$LineBreak
[22May2026 17:04:40.286] [modloading-worker-0/INFO] [com.teampotato.redirector.Redirector/]: Redirecting org/yaml/snakeyaml/DumperOptions$NonPrintableStyle
[22May2026 17:04:40.309] [modloading-worker-0/INFO] [com.brutalbosses.BrutalBosses/]: brutalbosses mod initialized
[22May2026 17:04:40.313] [modloading-worker-0/INFO] [com.teampotato.redirector.Redirector/]: Redirecting org/yaml/snakeyaml/comments/CommentType
[22May2026 17:04:40.318] [modloading-worker-0/INFO] [com.teampotato.redirector.Redirector/]: Redirecting it/hurts/octostudios/octolib/modules/config/cfgbuilder/EntryId
[22May2026 17:04:40.320] [modloading-worker-0/INFO] [com.teampotato.redirector.Redirector/]: Redirecting sfiomn/legendarycreatures/api/entities/MobEntityEnum
[22May2026 17:04:40.329] [modloading-worker-0/INFO] [com.teampotato.redirector.Redirector/]: Redirecting net/mehvahdjukaar/supplementaries/reg/LootTablesInjects$TableType
[22May2026 17:04:40.336] [modloading-worker-0/INFO] [net.jrdemiurge.skyarena.SkyArena/]: Registering triggers...
[22May2026 17:04:40.346] [modloading-worker-0/INFO] [com.teampotato.redirector.Redirector/]: Redirecting org/yaml/snakeyaml/events/Event$ID
[22May2026 17:04:40.347] [modloading-worker-0/INFO] [com.teampotato.redirector.Redirector/]: Redirecting org/yaml/snakeyaml/tokens/Token$ID
[22May2026 17:04:40.612] [modloading-worker-0/INFO] [com.teampotato.redirector.Redirector/]: Redirecting it/hurts/octostudios/octolib/modules/config/impl/ConfigSide
[22May2026 17:04:40.625] [Forge Version Check/INFO] [net.minecraftforge.fml.VersionChecker/]: [easyanvils] Starting version check at https://raw.githubusercontent.com/Fuzss/modresources/main/update/easyanvils.json
[22May2026 17:04:40.657] [main/FATAL] [ModernFix/]: Redirector 5.x is detected, it is known to cause extremely hard-to-debug issues in other mods
[22May2026 17:04:40.683] [main/INFO] [com.teampotato.redirector.Redirector/]: Redirecting com/yesman/epicskills/world/capability/SkillTreeProgression$NodeState
[22May2026 17:04:40.818] [main/INFO] [com.teampotato.redirector.Redirector/]: Redirecting com/yesman/epicskills/world/capability/SkillTreeProgression$TreeState
[22May2026 17:04:40.834] [main/INFO] [com.teampotato.redirector.Redirector/]: Redirecting com/izofar/takesapillage/world/PillageSiege$State
[22May2026 17:04:40.835] [main/INFO] [com.teampotato.redirector.Redirector/]: Redirecting net/minecraft/world/entity/raid/Raid$RaiderType
[22May2026 17:04:40.872] [Forge Version Check/INFO] [net.minecraftforge.fml.VersionChecker/]: [easyanvils] Found status: UP_TO_DATE Current: 8.0.2 Target: null
[22May2026 17:04:40.872] [Forge Version Check/INFO] [net.minecraftforge.fml.VersionChecker/]: [loot_journal] Starting version check at https://raw.githubusercontent.com/ObscuriaLithium/modding/main/versions/loot-journal.json
[22May2026 17:04:40.872] [main/INFO] [com.teampotato.redirector.Redirector/]: Redirecting fuzs/puzzlesapi/api/statues/v1/world/inventory/data/ArmorStandStyleOptions
[22May2026 17:04:40.883] [Forge Version Check/INFO] [net.minecraftforge.fml.VersionChecker/]: [loot_journal] Found status: UP_TO_DATE Current: 6.1.2 Target: null
[22May2026 17:04:40.883] [Forge Version Check/INFO] [net.minecraftforge.fml.VersionChecker/]: [bonfires] Starting version check at https://raw.githubusercontent.com/Wehavecookies56/Bonfires/master/update.json
[22May2026 17:04:40.886] [main/INFO] [com.teampotato.redirector.Redirector/]: Redirecting terrablender/api/RegionType
[22May2026 17:04:40.890] [main/INFO] [terrablender/]: Registered region minecraft:overworld to index 0 for type OVERWORLD
[22May2026 17:04:40.890] [main/INFO] [terrablender/]: Registered region minecraft:nether to index 0 for type NETHER
[22May2026 17:04:40.890] [main/INFO] [terrablender/]: Registered region biomesoplenty:overworld_primary to index 1 for type OVERWORLD
[22May2026 17:04:40.890] [main/INFO] [terrablender/]: Registered region biomesoplenty:overworld_secondary to index 2 for type OVERWORLD
[22May2026 17:04:40.890] [main/INFO] [terrablender/]: Registered region biomesoplenty:overworld_rare to index 3 for type OVERWORLD
[22May2026 17:04:40.891] [main/INFO] [terrablender/]: Registered region biomesoplenty:nether_common to index 1 for type NETHER
[22May2026 17:04:40.891] [main/INFO] [terrablender/]: Registered region biomesoplenty:nether_rare to index 2 for type NETHER
[22May2026 17:04:40.934] [main/INFO] [Moonlight/]: Initialized color sets in 40ms
[22May2026 17:04:40.940] [main/INFO] [com.finderfeed.fdlib.FDLib/]: Loading FD animations...
[22May2026 17:04:40.941] [main/INFO] [com.finderfeed.fdlib.FDLib/]: Loading animation: fdbosses:chesed_idle
[22May2026 17:04:40.945] [main/INFO] [com.teampotato.redirector.Redirector/]: Redirecting com/finderfeed/fdlib/systems/bedrock/animations/Animation$LoopMode
[22May2026 17:04:40.946] [main/INFO] [com.teampotato.redirector.Redirector/]: Redirecting com/finderfeed/fdlib/systems/bedrock/animations/Animation$KeyFrameLoadType
[22May2026 17:04:40.949] [main/INFO] [com.teampotato.redirector.Redirector/]: Redirecting com/finderfeed/fdlib/shunting_yard/ShuntingYard$TokenType
[22May2026 17:04:40.951] [Forge Version Check/INFO] [net.minecraftforge.fml.VersionChecker/]: [bonfires] Found status: BETA Current: 1.2.20d Target: 1.2.17
[22May2026 17:04:40.951] [Forge Version Check/INFO] [net.minecraftforge.fml.VersionChecker/]: [easyshulkerboxes] Starting version check at https://raw.githubusercontent.com/Fuzss/modresources/main/update/easyshulkerboxes.json
[22May2026 17:04:40.957] [main/INFO] [com.teampotato.redirector.Redirector/]: Redirecting com/finderfeed/fdlib/systems/bedrock/animations/InterpolationMode
[22May2026 17:04:40.962] [Forge Version Check/INFO] [net.minecraftforge.fml.VersionChecker/]: [easyshulkerboxes] Found status: UP_TO_DATE Current: 8.0.2 Target: null
[22May2026 17:04:40.962] [Forge Version Check/INFO] [net.minecraftforge.fml.VersionChecker/]: [tradingpost] Starting version check at https://raw.githubusercontent.com/Fuzss/modresources/main/update/tradingpost.json
[22May2026 17:04:40.964] [main/INFO] [com.finderfeed.fdlib.FDLib/]: Loading animation: fdbosses:chesed_boom_attack
[22May2026 17:04:40.968] [main/INFO] [com.finderfeed.fdlib.FDLib/]: Loading animation: fdbosses:chesed_attack
[22May2026 17:04:40.972] [main/INFO] [com.finderfeed.fdlib.FDLib/]: Loading animation: fdbosses:chesed_roll_up
[22May2026 17:04:40.975] [main/INFO] [com.finderfeed.fdlib.FDLib/]: Loading animation: fdbosses:chesed_roll_up_end
[22May2026 17:04:40.978] [main/INFO] [com.finderfeed.fdlib.FDLib/]: Loading animation: fdbosses:chesed_second_phase_prepare
[22May2026 17:04:40.980] [main/INFO] [com.finderfeed.fdlib.FDLib/]: Loading animation: fdbosses:chesed_second_phase_strike_walls
[22May2026 17:04:40.983] [main/INFO] [com.finderfeed.fdlib.FDLib/]: Loading animation: fdbosses:chesed_roll_up_just_end
[22May2026 17:04:40.988] [main/INFO] [com.finderfeed.fdlib.FDLib/]: Loading animation: fdbosses:chesed_roll
[22May2026 17:04:40.993] [main/INFO] [com.finderfeed.fdlib.FDLib/]: Loading animation: fdbosses:chesed_roll_roll
[22May2026 17:04:40.996] [main/INFO] [com.finderfeed.fdlib.FDLib/]: Loading animation: fdbosses:chesed_cast
[22May2026 17:04:40.999] [main/INFO] [com.finderfeed.fdlib.FDLib/]: Loading animation: fdbosses:chesed_earthquake_cast
[22May2026 17:04:41.003] [main/INFO] [com.finderfeed.fdlib.FDLib/]: Loading animation: fdbosses:chesed_rockfall_cast
[22May2026 17:04:41.007] [main/INFO] [com.finderfeed.fdlib.FDLib/]: Loading animation: fdbosses:electric_orb_idle
[22May2026 17:04:41.007] [main/INFO] [com.finderfeed.fdlib.FDLib/]: Loading animation: fdbosses:chesed_crystal_spawn
[22May2026 17:04:41.007] [main/INFO] [com.finderfeed.fdlib.FDLib/]: Loading animation: fdbosses:chesed_monolith_idle
[22May2026 17:04:41.008] [main/INFO] [com.finderfeed.fdlib.FDLib/]: Loading animation: fdbosses:chesed_monolith_turn_off
[22May2026 17:04:41.008] [main/INFO] [com.finderfeed.fdlib.FDLib/]: Loading animation: fdbosses:kinetic_field_spawn
[22May2026 17:04:41.008] [main/INFO] [com.finderfeed.fdlib.FDLib/]: Loading animation: fdbosses:chesed_appear
[22May2026 17:04:41.011] [main/INFO] [com.finderfeed.fdlib.FDLib/]: Loading animation: fdbosses:chesed_screen_appear
[22May2026 17:04:41.014] [main/INFO] [com.finderfeed.fdlib.FDLib/]: Loading animation: fdbosses:chesed_death
[22May2026 17:04:41.020] [main/INFO] [com.finderfeed.fdlib.FDLib/]: Loading animation: fdbosses:ray_reflector_activate
[22May2026 17:04:41.021] [main/INFO] [com.finderfeed.fdlib.FDLib/]: Loading animation: fdbosses:test_malkuth
[22May2026 17:04:41.025] [main/INFO] [com.finderfeed.fdlib.FDLib/]: Loading animation: fdbosses:malkuth_idle
[22May2026 17:04:41.030] [main/INFO] [com.finderfeed.fdlib.FDLib/]: Loading animation: fdbosses:malkuth_slash_fire
[22May2026 17:04:41.035] [main/INFO] [com.finderfeed.fdlib.FDLib/]: Loading animation: fdbosses:malkuth_slash_ice
[22May2026 17:04:41.037] [Forge Version Check/INFO] [net.minecraftforge.fml.VersionChecker/]: [tradingpost] Found status: UP_TO_DATE Current: 8.0.2 Target: null
[22May2026 17:04:41.037] [Forge Version Check/INFO] [net.minecraftforge.fml.VersionChecker/]: [puzzlesapi] Starting version check at https://raw.githubusercontent.com/Fuzss/modresources/main/update/puzzlesapi.json
[22May2026 17:04:41.040] [main/INFO] [com.finderfeed.fdlib.FDLib/]: Loading animation: fdbosses:malkuth_jump_forward_prepare
[22May2026 17:04:41.045] [main/INFO] [com.finderfeed.fdlib.FDLib/]: Loading animation: fdbosses:malkuth_jump_crush_attack_start
[22May2026 17:04:41.049] [Forge Version Check/INFO] [net.minecraftforge.fml.VersionChecker/]: [puzzlesapi] Found status: BETA Current: 8.1.6 Target: null
[22May2026 17:04:41.049] [Forge Version Check/INFO] [net.minecraftforge.fml.VersionChecker/]: [mutantmonsters] Starting version check at https://raw.githubusercontent.com/Fuzss/modresources/main/update/mutantmonsters.json
[22May2026 17:04:41.050] [main/INFO] [com.finderfeed.fdlib.FDLib/]: Loading animation: fdbosses:malkuth_jump_crush_attack_midair
[22May2026 17:04:41.055] [main/INFO] [com.finderfeed.fdlib.FDLib/]: Loading animation: fdbosses:malkuth_jump_crush_attack_end
[22May2026 17:04:41.060] [main/INFO] [com.finderfeed.fdlib.FDLib/]: Loading animation: fdbosses:malkuth_pull_and_punch
[22May2026 17:04:41.066] [main/INFO] [com.finderfeed.fdlib.FDLib/]: Loading animation: fdbosses:malkuth_screen_appear
[22May2026 17:04:41.066] [Forge Version Check/INFO] [net.minecraftforge.fml.VersionChecker/]: [mutantmonsters] Found status: UP_TO_DATE Current: 8.0.8 Target: null
[22May2026 17:04:41.067] [Forge Version Check/INFO] [net.minecraftforge.fml.VersionChecker/]: [travelerscompass] Starting version check at https://raw.githubusercontent.com/0Templ/ModVersions/main/forge/travelers-compass/v1/1.20.1.json
[22May2026 17:04:41.071] [main/INFO] [com.finderfeed.fdlib.FDLib/]: Loading animation: fdbosses:malkuth_screen_idle
[22May2026 17:04:41.076] [main/INFO] [com.finderfeed.fdlib.FDLib/]: Loading animation: fdbosses:malkuth_crush_attack_attack
[22May2026 17:04:41.078] [main/INFO] [com.finderfeed.fdlib.FDLib/]: Loading animation: fdbosses:malkuth_cannon_shoot
[22May2026 17:04:41.079] [main/INFO] [com.finderfeed.fdlib.FDLib/]: Loading animation: fdbosses:malkuth_cannon_break
[22May2026 17:04:41.079] [main/INFO] [com.finderfeed.fdlib.FDLib/]: Loading animation: fdbosses:malkuth_cannon_repair
[22May2026 17:04:41.080] [main/INFO] [com.finderfeed.fdlib.FDLib/]: Loading animation: fdbosses:malkuth_cannon_summon
[22May2026 17:04:41.080] [main/INFO] [com.finderfeed.fdlib.FDLib/]: Loading animation: fdbosses:malkuth_jump_and_land
[22May2026 17:04:41.085] [main/INFO] [com.finderfeed.fdlib.FDLib/]: Loading animation: fdbosses:malkuth_jump_with_crush
[22May2026 17:04:41.090] [main/INFO] [com.finderfeed.fdlib.FDLib/]: Loading animation: fdbosses:malkuth_jump_crush_attack_full
[22May2026 17:04:41.094] [Forge Version Check/INFO] [net.minecraftforge.fml.VersionChecker/]: [travelerscompass] Found status: UP_TO_DATE Current: 4.0.01 Target: null
[22May2026 17:04:41.094] [Forge Version Check/INFO] [net.minecraftforge.fml.VersionChecker/]: [easymagic] Starting version check at https://raw.githubusercontent.com/Fuzss/modresources/main/update/easymagic.json
[22May2026 17:04:41.096] [main/INFO] [com.finderfeed.fdlib.FDLib/]: Loading animation: fdbosses:malkuth_sword_forward
[22May2026 17:04:41.101] [main/INFO] [com.finderfeed.fdlib.FDLib/]: Loading animation: fdbosses:malkuth_carousel_slash_1
[22May2026 17:04:41.105] [Forge Version Check/INFO] [net.minecraftforge.fml.VersionChecker/]: [easymagic] Found status: UP_TO_DATE Current: 8.0.1 Target: null
[22May2026 17:04:41.106] [main/INFO] [com.finderfeed.fdlib.FDLib/]: Loading animation: fdbosses:malkuth_giant_sword_attack
[22May2026 17:04:41.106] [Forge Version Check/INFO] [net.minecraftforge.fml.VersionChecker/]: [attributefix] Starting version check at https://updates.blamejared.com/get?n=attributefix&gv=1.20.1
[22May2026 17:04:41.111] [main/INFO] [com.finderfeed.fdlib.FDLib/]: Loading animation: fdbosses:malkuth_single_earthquake_fire
[22May2026 17:04:41.115] [main/INFO] [com.finderfeed.fdlib.FDLib/]: Loading animation: fdbosses:malkuth_single_earthquake_ice
[22May2026 17:04:41.120] [main/INFO] [com.finderfeed.fdlib.FDLib/]: Loading animation: fdbosses:malkuth_summon_throw_side_stones
[22May2026 17:04:41.125] [main/INFO] [com.finderfeed.fdlib.FDLib/]: Loading animation: fdbosses:malkuth_jump_to_float
[22May2026 17:04:41.129] [main/INFO] [com.finderfeed.fdlib.FDLib/]: Loading animation: fdbosses:malkuth_float
[22May2026 17:04:41.134] [main/INFO] [com.finderfeed.fdlib.FDLib/]: Loading animation: fdbosses:malkuth_summon_fireballs
[22May2026 17:04:41.139] [main/INFO] [com.finderfeed.fdlib.FDLib/]: Loading animation: fdbosses:malkuth_crystal_summon
[22May2026 17:04:41.139] [main/INFO] [com.finderfeed.fdlib.FDLib/]: Loading animation: fdbosses:malkuth_summon_anim
[22May2026 17:04:41.144] [main/INFO] [com.finderfeed.fdlib.FDLib/]: Loading animation: fdbosses:malkuth_warrior_idle
[22May2026 17:04:41.145] [main/INFO] [com.finderfeed.fdlib.FDLib/]: Loading animation: fdbosses:malkuth_warrior_attack
[22May2026 17:04:41.146] [main/INFO] [com.finderfeed.fdlib.FDLib/]: Loading animation: fdbosses:malkuth_warrior_walk
[22May2026 17:04:41.147] [main/INFO] [com.finderfeed.fdlib.FDLib/]: Loading animation: fdbosses:malkuth_warrior_slam_earth
[22May2026 17:04:41.148] [main/INFO] [com.finderfeed.fdlib.FDLib/]: Loading animation: fdbosses:malkuth_warrior_die
[22May2026 17:04:41.150] [main/INFO] [com.finderfeed.fdlib.FDLib/]: Loading animation: fdbosses:malkuth_death
[22May2026 17:04:41.155] [main/INFO] [com.finderfeed.fdlib.FDLib/]: Loading animation: fdbosses:geburah_stomp
[22May2026 17:04:41.155] [main/INFO] [com.finderfeed.fdlib.FDLib/]: Loading animation: fdbosses:geburah_fire_all_cannons
[22May2026 17:04:41.156] [main/INFO] [com.finderfeed.fdlib.FDLib/]: Loading animation: fdbosses:justice_hammer_smack
[22May2026 17:04:41.156] [main/INFO] [com.finderfeed.fdlib.FDLib/]: Loading animation: fdbosses:geburah_tilt_left
[22May2026 17:04:41.156] [main/INFO] [com.finderfeed.fdlib.FDLib/]: Loading animation: fdbosses:geburah_tilt_right
[22May2026 17:04:41.157] [main/INFO] [com.finderfeed.fdlib.FDLib/]: Loading animation: fdbosses:judgement_bird_fly
[22May2026 17:04:41.157] [main/INFO] [com.finderfeed.fdlib.FDLib/]: Loading animation: fdbosses:judgement_bird_cast
[22May2026 17:04:41.158] [main/INFO] [com.finderfeed.fdlib.FDLib/]: Loading animation: fdbosses:geburah_bell_ring
[22May2026 17:04:41.158] [main/INFO] [com.finderfeed.fdlib.FDLib/]: Loading animation: fdbosses:geburah_appear
[22May2026 17:04:41.159] [main/INFO] [com.finderfeed.fdlib.FDLib/]: Loading animation: fdbosses:chesed_item_idle
[22May2026 17:04:41.159] [main/INFO] [com.finderfeed.fdlib.FDLib/]: Loading animation: fdbosses:chesed_item_use
[22May2026 17:04:41.159] [main/INFO] [com.finderfeed.fdlib.FDLib/]: Loading animation: fdbosses:malkuth_fist_flying
[22May2026 17:04:41.160] [main/INFO] [com.finderfeed.fdlib.FDLib/]: Loading animation: fdbosses:malkuth_fist_grab
[22May2026 17:04:41.160] [main/INFO] [com.finderfeed.fdlib.FDLib/]: Loading animation: fdbosses:divine_gear_idle
[22May2026 17:04:41.160] [main/INFO] [com.finderfeed.fdlib.FDLib/]: Loading animation: fdbosses:divine_gear_summon
[22May2026 17:04:41.161] [main/INFO] [com.finderfeed.fdlib.FDLib/]: Loading animation: fdbosses:divine_gear_death
[22May2026 17:04:41.161] [main/INFO] [com.finderfeed.fdlib.FDLib/]: Loading animation: fdbosses:divine_gear_item_idle
[22May2026 17:04:41.161] [main/INFO] [com.finderfeed.fdlib.FDLib/]: Loading animation: fdlib:testanim
[22May2026 17:04:41.161] [main/INFO] [com.finderfeed.fdlib.FDLib/]: FD Animations loaded!
[22May2026 17:04:41.161] [main/INFO] [com.finderfeed.fdlib.FDLib/]: Loading FD models...
[22May2026 17:04:41.162] [main/INFO] [com.finderfeed.fdlib.FDLib/]: Loading model: fdbosses:chesed
[22May2026 17:04:41.173] [main/INFO] [com.finderfeed.fdlib.FDLib/]: Loading model: fdbosses:chesed
[22May2026 17:04:41.176] [main/INFO] [com.finderfeed.fdlib.FDLib/]: Loading model: fdbosses:chesed
[22May2026 17:04:41.178] [main/INFO] [com.finderfeed.fdlib.FDLib/]: Loading model: fdbosses:electric_orb
[22May2026 17:04:41.178] [main/INFO] [com.finderfeed.fdlib.FDLib/]: Loading model: fdbosses:chesed_crystal
[22May2026 17:04:41.178] [main/INFO] [com.finderfeed.fdlib.FDLib/]: Loading model: fdbosses:chesed_monolith
[22May2026 17:04:41.179] [main/INFO] [com.finderfeed.fdlib.FDLib/]: Loading model: fdbosses:chesed_kinetic_field
[22May2026 17:04:41.180] [main/INFO] [com.finderfeed.fdlib.FDLib/]: Loading model: fdbosses:boss_spawner
[22May2026 17:04:41.180] [main/INFO] [com.finderfeed.fdlib.FDLib/]: Loading model: fdbosses:boss_spawner
[22May2026 17:04:41.181] [main/INFO] [com.finderfeed.fdlib.FDLib/]: Loading model: fdbosses:chesed_ray_reflector
[22May2026 17:04:41.182] [main/INFO] [com.finderfeed.fdlib.FDLib/]: Loading model: fdbosses:wip
[22May2026 17:04:41.183] [main/INFO] [com.finderfeed.fdlib.FDLib/]: Loading model: fdbosses:malkuth
[22May2026 17:04:41.185] [main/INFO] [com.finderfeed.fdlib.FDLib/]: Loading model: fdbosses:malkuth_screen
[22May2026 17:04:41.187] [main/INFO] [com.finderfeed.fdlib.FDLib/]: Loading model: fdbosses:malkuth_sword
[22May2026 17:04:41.188] [main/INFO] [com.finderfeed.fdlib.FDLib/]: Loading model: fdbosses:malkuth_crush_attack
[22May2026 17:04:41.191] [main/INFO] [com.finderfeed.fdlib.FDLib/]: Loading model: fdbosses:malkuth_cannon
[22May2026 17:04:41.192] [main/INFO] [com.finderfeed.fdlib.FDLib/]: Loading model: fdbosses:malkuth_cannon_projectile
[22May2026 17:04:41.192] [main/INFO] [com.finderfeed.fdlib.FDLib/]: Loading model: fdbosses:malkuth_earthquake_part
[22May2026 17:04:41.192] [main/INFO] [com.finderfeed.fdlib.FDLib/]: Loading model: fdbosses:malkuth_boulder_ice
[22May2026 17:04:41.193] [main/INFO] [com.finderfeed.fdlib.FDLib/]: Loading model: fdbosses:malkuth_boulder_fire
[22May2026 17:04:41.193] [main/INFO] [com.finderfeed.fdlib.FDLib/]: Loading model: fdbosses:malkuth_platform
[22May2026 17:04:41.194] [main/INFO] [com.finderfeed.fdlib.FDLib/]: Loading model: fdbosses:malkuth_repair_crystal
[22May2026 17:04:41.196] [main/INFO] [com.finderfeed.fdlib.FDLib/]: Loading model: fdbosses:malkuth_boss_spawner
[22May2026 17:04:41.197] [main/INFO] [com.finderfeed.fdlib.FDLib/]: Loading model: fdbosses:malkuth_warrior
[22May2026 17:04:41.199] [main/INFO] [com.finderfeed.fdlib.FDLib/]: Loading model: fdbosses:geburah
[22May2026 17:04:41.202] [main/INFO] [com.finderfeed.fdlib.FDLib/]: Loading model: fdbosses:geburah_no_core
[22May2026 17:04:41.208] [main/INFO] [com.finderfeed.fdlib.FDLib/]: Loading model: fdbosses:judgement_ball
[22May2026 17:04:41.209] [main/INFO] [com.finderfeed.fdlib.FDLib/]: Loading model: fdbosses:judgement_ball
[22May2026 17:04:41.210] [main/INFO] [com.finderfeed.fdlib.FDLib/]: Loading model: fdbosses:justice_hammer
[22May2026 17:04:41.210] [main/INFO] [com.finderfeed.fdlib.FDLib/]: Loading model: fdbosses:judgement_bird
[22May2026 17:04:41.210] [main/INFO] [com.finderfeed.fdlib.FDLib/]: Loading model: fdbosses:judgement_bird
[22May2026 17:04:41.211] [main/INFO] [com.finderfeed.fdlib.FDLib/]: Loading model: fdbosses:geburah_bell
[22May2026 17:04:41.211] [main/INFO] [com.finderfeed.fdlib.FDLib/]: Loading model: fdbosses:justitia
[22May2026 17:04:41.212] [main/INFO] [com.finderfeed.fdlib.FDLib/]: Loading model: fdbosses:chesed_item
[22May2026 17:04:41.212] [main/INFO] [com.finderfeed.fdlib.FDLib/]: Loading model: fdbosses:malkuth_fist
[22May2026 17:04:41.212] [main/INFO] [com.finderfeed.fdlib.FDLib/]: Loading model: fdbosses:malkuth_fist
[22May2026 17:04:41.212] [main/INFO] [com.finderfeed.fdlib.FDLib/]: Loading model: fdbosses:malkuth_fist_flying
[22May2026 17:04:41.213] [main/INFO] [com.finderfeed.fdlib.FDLib/]: Loading model: fdbosses:divine_gear
[22May2026 17:04:41.213] [main/INFO] [com.finderfeed.fdlib.FDLib/]: Loading model: fdlib:test
[22May2026 17:04:41.214] [main/INFO] [com.finderfeed.fdlib.FDLib/]: Loading model: fdlib:test
[22May2026 17:04:41.214] [main/INFO] [com.finderfeed.fdlib.FDLib/]: FD Models loaded!
[22May2026 17:04:41.241] [main/INFO] [zeta/]: Common setup: Performing initial refresh of zeta's config on thread 'main'
[22May2026 17:04:41.247] [main/INFO] [zeta/]: 'zeta' is enabling Zeta's piston structure resolver.
[22May2026 17:04:41.251] [main/INFO] [zeta/]: Waiting for server start before accepting filewatcher changes to zeta's config
[22May2026 17:04:41.269] [main/INFO] [terrablender/]: Registered region quark:biome_provider to index 4 for type OVERWORLD
[22May2026 17:04:41.270] [main/INFO] [quark-zeta/]: Common setup: Performing initial refresh of quark's config on thread 'main'
[22May2026 17:04:41.289] [main/INFO] [quark-zeta/]: Waiting for server start before accepting filewatcher changes to quark's config
[22May2026 17:04:41.310] [main/INFO] [com.teampotato.redirector.Redirector/]: Redirecting net/minecraft/world/item/FireworkRocketItem$Shape
[22May2026 17:04:41.312] [main/INFO] [Supplementaries/]: Finished mod setup in: [0, 2, 0, 1, 0, 0, 10, 1] ms
[22May2026 17:04:41.331] [main/INFO] [com.teampotato.redirector.Redirector/]: Redirecting yesman/epicfight/network/client/CPSkillRequest$WorkType
[22May2026 17:04:41.333] [main/INFO] [com.teampotato.redirector.Redirector/]: Redirecting yesman/epicfight/network/common/AnimatorControlPacket$Action
[22May2026 17:04:41.335] [main/INFO] [com.teampotato.redirector.Redirector/]: Redirecting yesman/epicfight/world/capabilities/entitypatch/player/PlayerPatch$PlayerMode
[22May2026 17:04:41.344] [main/INFO] [com.teampotato.redirector.Redirector/]: Redirecting yesman/epicfight/network/server/SPSkillExecutionFeedback$FeedbackType
[22May2026 17:04:41.347] [main/INFO] [com.teampotato.redirector.Redirector/]: Redirecting yesman/epicfight/network/server/SPSetSkillContainerValue$Target
[22May2026 17:04:41.348] [main/INFO] [com.teampotato.redirector.Redirector/]: Redirecting yesman/epicfight/network/server/SPModifyPlayerData$PacketType
[22May2026 17:04:41.350] [main/INFO] [com.teampotato.redirector.Redirector/]: Redirecting yesman/epicfight/network/common/AnimatorControlPacket$Layer
[22May2026 17:04:41.351] [main/INFO] [com.teampotato.redirector.Redirector/]: Redirecting yesman/epicfight/network/common/AnimatorControlPacket$Priority
[22May2026 17:04:41.355] [main/INFO] [com.teampotato.redirector.Redirector/]: Redirecting yesman/epicfight/network/server/SPPotion$Action
[22May2026 17:04:41.470] [Forge Version Check/INFO] [net.minecraftforge.fml.VersionChecker/]: [attributefix] Found status: BETA Current: 21.0.5 Target: 21.0.5
[22May2026 17:04:41.470] [Forge Version Check/INFO] [net.minecraftforge.fml.VersionChecker/]: [fragmentum] Starting version check at https://raw.githubusercontent.com/ObscuriaLithium/modding/main/versions/fragmentum.json
[22May2026 17:04:41.482] [Forge Version Check/INFO] [net.minecraftforge.fml.VersionChecker/]: [fragmentum] Found status: UP_TO_DATE Current: 1.3.0 Target: null
[22May2026 17:04:41.482] [Forge Version Check/INFO] [net.minecraftforge.fml.VersionChecker/]: [puzzlesaccessapi] Starting version check at https://raw.githubusercontent.com/Fuzss/modresources/main/update/puzzlesaccessapi.json
[22May2026 17:04:41.496] [Forge Version Check/INFO] [net.minecraftforge.fml.VersionChecker/]: [puzzlesaccessapi] Found status: BETA Current: 20.1.1 Target: null
[22May2026 17:04:41.496] [Forge Version Check/INFO] [net.minecraftforge.fml.VersionChecker/]: [forge] Starting version check at https://files.minecraftforge.net/net/minecraftforge/forge/promotions_slim.json
[22May2026 17:04:41.633] [Forge Version Check/INFO] [net.minecraftforge.fml.VersionChecker/]: [forge] Found status: AHEAD Current: 47.4.20 Target: null
[22May2026 17:04:41.633] [Forge Version Check/INFO] [net.minecraftforge.fml.VersionChecker/]: [gravestone] Starting version check at https://update.maxhenkel.de/forge/gravestone
[22May2026 17:04:41.691] [modloading-worker-0/INFO] [easy_emerald/]: Hello world from EasyEmerald
[22May2026 17:04:41.691] [modloading-worker-0/INFO] [easy_emerald/]: EasyEmerald IMC [Hello world]
[22May2026 17:04:41.692] [modloading-worker-0/INFO] [com.teampotato.redirector.Redirector/]: Redirecting top/theillusivec4/curios/api/SlotTypePreset
[22May2026 17:04:41.788] [modloading-worker-0/INFO] [net.mint_gaming_studios.recased.ReCased/]: All Mods loaded. Initializing DynamicItemRegistry...
[22May2026 17:04:41.795] [modloading-worker-0/INFO] [AttributeFix/]: Loaded values for 55 compatible attributes.
[22May2026 17:04:41.803] [modloading-worker-0/INFO] [AttributeFix/]: Loaded 55 values from config.
[22May2026 17:04:41.814] [modloading-worker-0/INFO] [AttributeFix/]: Saving config file. 55 entries.
[22May2026 17:04:41.815] [modloading-worker-0/INFO] [AttributeFix/]: Applying changes for 55 attributes.
[22May2026 17:04:41.914] [main/INFO] [citadel/]: adding citadel surface rules via terrablender...
[22May2026 17:04:41.916] [main/INFO] [citadel/]: Added 0 vanilla biome surface rule types via terrablender
[22May2026 17:04:41.916] [main/INFO] [citadel/]: Added 0 modded biome surface rule types via terrablender
[22May2026 17:04:42.108] [main/ERROR] [net.minecraft.Util/]: Entity mythsandlegends:molten_ball has no attributes
[22May2026 17:04:42.109] [main/ERROR] [net.minecraft.Util/]: Entity mythsandlegends:molten_ball has no attributes
[22May2026 17:04:42.109] [main/ERROR] [net.minecraft.Util/]: Entity mythsandlegends:molten_ball has no attributes
[22May2026 17:04:42.109] [main/ERROR] [net.minecraft.Util/]: Entity mythsandlegends:molten_ball has no attributes
[22May2026 17:04:42.109] [main/ERROR] [net.minecraft.Util/]: Entity mythsandlegends:molten_ball has no attributes
[22May2026 17:04:42.110] [main/ERROR] [net.minecraft.Util/]: Entity mythsandlegends:molten_ball has no attributes
[22May2026 17:04:42.110] [main/ERROR] [net.minecraft.Util/]: Entity mythsandlegends:molten_ball has no attributes
[22May2026 17:04:42.110] [main/ERROR] [net.minecraft.Util/]: Entity mythsandlegends:molten_ball has no attributes
[22May2026 17:04:42.110] [main/ERROR] [net.minecraft.Util/]: Entity mythsandlegends:molten_ball has no attributes
[22May2026 17:04:42.111] [main/ERROR] [net.minecraft.Util/]: Entity mythsandlegends:molten_ball has no attributes
[22May2026 17:04:42.111] [main/ERROR] [net.minecraft.Util/]: Entity mythsandlegends:molten_ball has no attributes
[22May2026 17:04:42.111] [main/ERROR] [net.minecraft.Util/]: Entity mythsandlegends:molten_ball has no attributes
[22May2026 17:04:42.111] [main/ERROR] [net.minecraft.Util/]: Entity mythsandlegends:molten_ball has no attributes
[22May2026 17:04:42.112] [main/ERROR] [net.minecraft.Util/]: Entity mythsandlegends:molten_ball has no attributes
[22May2026 17:04:42.112] [main/ERROR] [net.minecraft.Util/]: Entity mythsandlegends:molten_ball has no attributes
[22May2026 17:04:42.112] [main/ERROR] [net.minecraft.Util/]: Entity mythsandlegends:molten_ball has no attributes
[22May2026 17:04:42.112] [main/ERROR] [net.minecraft.Util/]: Entity mythsandlegends:molten_ball has no attributes
[22May2026 17:04:42.113] [main/ERROR] [net.minecraft.Util/]: Entity mythsandlegends:molten_ball has no attributes
[22May2026 17:04:42.113] [main/ERROR] [net.minecraft.Util/]: Entity mythsandlegends:molten_ball has no attributes
[22May2026 17:04:42.113] [main/ERROR] [net.minecraft.Util/]: Entity mythsandlegends:molten_ball has no attributes
[22May2026 17:04:42.113] [main/ERROR] [net.minecraft.Util/]: Entity mythsandlegends:molten_ball has no attributes
[22May2026 17:04:42.114] [main/ERROR] [net.minecraft.Util/]: Entity mythsandlegends:molten_ball has no attributes
[22May2026 17:04:42.114] [main/ERROR] [net.minecraft.Util/]: Entity mythsandlegends:molten_ball has no attributes
[22May2026 17:04:42.114] [main/ERROR] [net.minecraft.Util/]: Entity mythsandlegends:molten_ball has no attributes
[22May2026 17:04:42.114] [main/ERROR] [net.minecraft.Util/]: Entity mythsandlegends:molten_ball has no attributes
[22May2026 17:04:42.115] [main/ERROR] [net.minecraft.Util/]: Entity mythsandlegends:molten_ball has no attributes
[22May2026 17:04:42.115] [main/ERROR] [net.minecraft.Util/]: Entity mythsandlegends:molten_ball has no attributes
[22May2026 17:04:42.115] [main/ERROR] [net.minecraft.Util/]: Entity mythsandlegends:molten_ball has no attributes
[22May2026 17:04:42.115] [main/ERROR] [net.minecraft.Util/]: Entity mythsandlegends:molten_ball has no attributes
[22May2026 17:04:42.116] [main/ERROR] [net.minecraft.Util/]: Entity mythsandlegends:molten_ball has no attributes
[22May2026 17:04:42.116] [main/ERROR] [net.minecraft.Util/]: Entity mythsandlegends:molten_ball has no attributes
[22May2026 17:04:42.116] [main/ERROR] [net.minecraft.Util/]: Entity mythsandlegends:molten_ball has no attributes
[22May2026 17:04:42.116] [main/ERROR] [net.minecraft.Util/]: Entity mythsandlegends:molten_ball has no attributes
[22May2026 17:04:42.117] [main/ERROR] [net.minecraft.Util/]: Entity mythsandlegends:molten_ball has no attributes
[22May2026 17:04:42.117] [main/ERROR] [net.minecraft.Util/]: Entity mythsandlegends:molten_ball has no attributes
[22May2026 17:04:42.117] [main/ERROR] [net.minecraft.Util/]: Entity mythsandlegends:molten_ball has no attributes
[22May2026 17:04:42.117] [main/ERROR] [net.minecraft.Util/]: Entity mythsandlegends:molten_ball has no attributes
[22May2026 17:04:42.117] [main/ERROR] [net.minecraft.Util/]: Entity mythsandlegends:molten_ball has no attributes
[22May2026 17:04:42.118] [main/ERROR] [net.minecraft.Util/]: Entity mythsandlegends:molten_ball has no attributes
[22May2026 17:04:42.118] [main/ERROR] [net.minecraft.Util/]: Entity mythsandlegends:molten_ball has no attributes
[22May2026 17:04:42.118] [main/ERROR] [net.minecraft.Util/]: Entity mythsandlegends:molten_ball has no attributes
[22May2026 17:04:42.118] [main/ERROR] [net.minecraft.Util/]: Entity mythsandlegends:molten_ball has no attributes
[22May2026 17:04:42.119] [main/ERROR] [net.minecraft.Util/]: Entity mythsandlegends:molten_ball has no attributes
[22May2026 17:04:42.119] [main/ERROR] [net.minecraft.Util/]: Entity mythsandlegends:molten_ball has no attributes
[22May2026 17:04:42.119] [main/ERROR] [net.minecraft.Util/]: Entity mythsandlegends:molten_ball has no attributes
[22May2026 17:04:42.119] [main/ERROR] [net.minecraft.Util/]: Entity mythsandlegends:molten_ball has no attributes
[22May2026 17:04:42.120] [main/ERROR] [net.minecraft.Util/]: Entity mythsandlegends:molten_ball has no attributes
[22May2026 17:04:42.120] [main/ERROR] [net.minecraft.Util/]: Entity mythsandlegends:molten_ball has no attributes
[22May2026 17:04:42.120] [main/ERROR] [net.minecraft.Util/]: Entity mythsandlegends:molten_ball has no attributes
[22May2026 17:04:42.120] [main/ERROR] [net.minecraft.Util/]: Entity mythsandlegends:molten_ball has no attributes
[22May2026 17:04:42.121] [main/ERROR] [net.minecraft.Util/]: Entity mythsandlegends:molten_ball has no attributes
[22May2026 17:04:42.121] [main/ERROR] [net.minecraft.Util/]: Entity mythsandlegends:molten_ball has no attributes
[22May2026 17:04:42.121] [main/ERROR] [net.minecraft.Util/]: Entity mythsandlegends:molten_ball has no attributes
[22May2026 17:04:42.121] [main/ERROR] [net.minecraft.Util/]: Entity mythsandlegends:molten_ball has no attributes
[22May2026 17:04:42.122] [main/ERROR] [net.minecraft.Util/]: Entity mythsandlegends:molten_ball has no attributes
[22May2026 17:04:42.122] [main/ERROR] [net.minecraft.Util/]: Entity mythsandlegends:molten_ball has no attributes
[22May2026 17:04:42.122] [main/ERROR] [net.minecraft.Util/]: Entity mythsandlegends:molten_ball has no attributes
[22May2026 17:04:42.136] [Forge Version Check/INFO] [net.minecraftforge.fml.VersionChecker/]: [gravestone] Found status: AHEAD Current: 1.20.1-1.0.35 Target: null
[22May2026 17:04:42.136] [Forge Version Check/INFO] [net.minecraftforge.fml.VersionChecker/]: [supplementaries] Starting version check at https://api.modrinth.com/updates/supplementaries/forge_updates.json
[22May2026 17:04:42.260] [Forge Version Check/INFO] [net.minecraftforge.fml.VersionChecker/]: [supplementaries] Found status: OUTDATED Current: 1.20-3.1.43 Target: 1.20-3.1.43-forge
[22May2026 17:04:42.261] [Forge Version Check/INFO] [net.minecraftforge.fml.VersionChecker/]: [puzzleslib] Starting version check at https://raw.githubusercontent.com/Fuzss/modresources/main/update/puzzleslib.json
[22May2026 17:04:42.274] [Forge Version Check/INFO] [net.minecraftforge.fml.VersionChecker/]: [puzzleslib] Found status: UP_TO_DATE Current: 8.1.33 Target: null
[22May2026 17:04:42.290] [main/INFO] [epicfight/]: Data keys [invincible:left, invincible:down, invincible:parry_timer, invincible:up, invincible:dodge_success_timer, invincible:right, invincible:cooldown] for invincible:combo_demo
[22May2026 17:04:42.290] [main/INFO] [epicfight/]: Data keys [invincible:left, invincible:down, invincible:parry_timer, invincible:up, invincible:dodge_success_timer, invincible:right, invincible:cooldown] for wolm:toxicus_obliteration_sword
[22May2026 17:04:42.291] [main/INFO] [epicfight/]: Data keys [invincible:left, invincible:down, invincible:parry_timer, invincible:up, invincible:dodge_success_timer, invincible:right, invincible:cooldown] for wolm:toxicus_obliteration_swordshield
[22May2026 17:04:42.291] [main/INFO] [epicfight/]: Data keys [cdmoveset:target_id] for cdmoveset:ex_yamato_step
[22May2026 17:04:42.291] [main/INFO] [epicfight/]: Data keys [cdmoveset:timer, cdmoveset:wolf_passive, cdmoveset:damage] for cdmoveset:bloodwolf
[22May2026 17:04:42.291] [main/INFO] [epicfight/]: Data keys [cdmoveset:yamato_power3_active, cdmoveset:counter_success, cdmoveset:yamato_attack_active, cdmoveset:damages, cdmoveset:yamato_attack] for cdmoveset:yamatoskill
[22May2026 17:04:42.291] [main/INFO] [epicfight/]: Data keys [cdmoveset:rush_combo] for cdmoveset:blade_rush
[22May2026 17:04:42.291] [main/INFO] [epicfight/]: Data keys [cdmoveset:yamato_power3_active] for cdmoveset:yamato_passive
[22May2026 17:04:42.291] [main/INFO] [epicfight/]: Data keys [cdmoveset:count, cdmoveset:direction, cdmoveset:dodge_played, cdmoveset:reset_timer] for cdmoveset:wolf_dodge
[22May2026 17:04:42.291] [main/INFO] [epicfight/]: Data keys [epicfight:combo_counter, epicfight:basic_attack_active] for epicfight:basic_attack
[22May2026 17:04:42.291] [main/INFO] [epicfight/]: Data keys [epicfight:penalty_restore_counter, epicfight:penalty] for epicfight:guard
[22May2026 17:04:42.291] [main/INFO] [epicfight/]: Data keys [epicfight:parry_motion_counter, epicfight:last_active, epicfight:penalty_restore_counter, epicfight:penalty] for epicfight:parrying
[22May2026 17:04:42.291] [main/INFO] [epicfight/]: Data keys [epicfight:penalty_restore_counter, epicfight:penalty] for epicfight:impact_guard
[22May2026 17:04:42.291] [main/INFO] [epicfight/]: Data keys [epicfight:stacks, epicfight:tick_record, epicfight:resisting_damage_type] for epicfight:adaptive_skin
[22May2026 17:04:42.291] [main/INFO] [epicfight/]: Data keys [epicfight:tick_record] for epicfight:adrenaline_fiend
[22May2026 17:04:42.291] [main/INFO] [epicfight/]: Data keys [epicfight:stacks, epicfight:entity_id] for epicfight:bonebreaker
[22May2026 17:04:42.291] [main/INFO] [epicfight/]: Data keys [epicfight:tick_record, epicfight:entity_id] for epicfight:vengeance
[22May2026 17:04:42.291] [main/INFO] [epicfight/]: Data keys [epicfight:fall_distance, epicfight:slam_protect_next_fall] for epicfight:meteor_slam
[22May2026 17:04:42.292] [main/INFO] [epicfight/]: Data keys [epicfight:stacks] for epicfight:revelation
[22May2026 17:04:42.292] [main/INFO] [epicfight/]: Data keys [epicfight:slam_protect_next_fall] for epicfight:demolition_leap
[22May2026 17:04:42.292] [main/INFO] [epicfight/]: Data keys [epicfight:slam_protect_next_fall, epicfight:jump_key_pressed_last_tick, epicfight:jump_count] for epicfight:phantom_ascent
[22May2026 17:04:42.292] [main/INFO] [epicfight/]: Data keys [cdmoveset:rush_end, epicfight:last_hit_count] for epicfight:grasping_spire
[22May2026 17:04:42.292] [main/INFO] [epicfight/]: Data keys [epicfight:sheath] for epicfight:battojutsu_passive
[22May2026 17:04:42.292] [main/INFO] [epicfight/]: Data keys [epicfight:sheath] for epicfight:battojutsu
[22May2026 17:04:42.292] [main/INFO] [epicfight/]: Data keys [epicfight:combo_counter] for epicfight:blade_rush
[22May2026 17:04:42.292] [main/INFO] [epicfight/]: Data keys [epicfight:thrown_trident_entity_id] for epicfight:everlasting_allegiance
[22May2026 17:04:42.292] [main/INFO] [epicfight/]: Data keys [sword_soaring:cooldown_timer, sword_soaring:sword_entity_id] for sword_soaring:kill_aura_1
[22May2026 17:04:42.292] [main/INFO] [epicfight/]: Data keys [sword_soaring:cooldown_timer, sword_soaring:sword_entity_id] for sword_soaring:kill_aura_2
[22May2026 17:04:42.292] [main/INFO] [epicfight/]: Data keys [sword_soaring:cooldown_timer, sword_soaring:sword_entity_id, sword_soaring:protect_count] for sword_soaring:screen_sword
[22May2026 17:04:42.292] [main/INFO] [epicfight/]: Data keys [sword_soaring:delay_timer, sword_soaring:cooldown_timer, sword_soaring:play_big_dipper] for sword_soaring:rain_sword
[22May2026 17:04:42.292] [main/INFO] [epicfight/]: Data keys [sword_soaring:cooldown_timer, sword_soaring:camera_timer] for sword_soaring:babylon
[22May2026 17:04:42.292] [main/INFO] [epicfight/]: Data keys [sword_soaring:cooldown_timer, sword_soaring:is_charging, sword_soaring:is_pressing] for sword_soaring:wan_jian_gui_zong
[22May2026 17:04:42.292] [main/INFO] [epicfight/]: Data keys [sword_soaring:cooldown_timer, sword_soaring:flying, sword_soaring:accelerating] for sword_soaring:sword_soaring_apprentice
[22May2026 17:04:42.293] [main/INFO] [epicfight/]: Data keys [sword_soaring:cooldown_timer, sword_soaring:flying, sword_soaring:accelerating] for sword_soaring:sword_soaring_expert
[22May2026 17:04:42.293] [main/INFO] [epicfight/]: Data keys [sword_soaring:cooldown_timer, sword_soaring:flying, sword_soaring:accelerating] for sword_soaring:sword_soaring_master
[22May2026 17:04:42.293] [main/INFO] [epicfight/]: Data keys [sword_soaring:cooldown_timer, sword_soaring:flying, sword_soaring:accelerating] for sword_soaring:sword_soaring_elytra_apprentice
[22May2026 17:04:42.293] [main/INFO] [epicfight/]: Data keys [sword_soaring:cooldown_timer, sword_soaring:flying, sword_soaring:accelerating] for sword_soaring:sword_soaring_elytra_expert
[22May2026 17:04:42.293] [main/INFO] [epicfight/]: Data keys [sword_soaring:cooldown_timer, sword_soaring:flying, sword_soaring:accelerating] for sword_soaring:sword_soaring_elytra_master
[22May2026 17:04:42.293] [main/INFO] [epicfight/]: Data keys [invincible:left, invincible:down, invincible:parry_timer, invincible:up, invincible:dodge_success_timer, invincible:right, invincible:cooldown] for sword_soaring:vatansever_innate
[22May2026 17:04:42.293] [main/INFO] [epicfight/]: Data keys [sword_soaring:artifact_spirit_entity_id, sword_soaring:sword_count] for sword_soaring:vatansever_passive
[22May2026 17:04:42.293] [main/INFO] [epicfight/]: Data keys [wom:target_id] for wom:ender_obscuris
[22May2026 17:04:42.293] [main/INFO] [epicfight/]: Data keys [wom:timer_refresh, wom:dodge, wom:timer] for wom:dodge_master
[22May2026 17:04:42.293] [main/INFO] [epicfight/]: Data keys [wom:timer_refresh, wom:dodge, wom:active, wom:timer, wom:registered_position, wom:cooldown, wom:registered_health] for wom:time_travel
[22May2026 17:04:42.293] [main/INFO] [epicfight/]: Data keys [wom:cooldown] for wom:punishment_kick
[22May2026 17:04:42.293] [main/INFO] [epicfight/]: Data keys [wom:parrying, wom:consumprion_value, wom:last_active, epicfight:penalty_restore_counter, epicfight:penalty] for wom:counter_attack
[22May2026 17:04:42.293] [main/INFO] [epicfight/]: Data keys [wom:holding_stance, wom:timer_refresh, wom:consumprion_value, wom:timer, epicfight:penalty_restore_counter, wom:cooldown, wom:charge, wom:vengence_duration, epicfight:penalty] for wom:vengeful_parry
[22May2026 17:04:42.293] [main/INFO] [epicfight/]: Data keys [wom:parrying, epicfight:penalty_restore_counter, wom:cooldown, wom:charge, epicfight:penalty] for wom:perfect_bulwark
[22May2026 17:04:42.293] [main/INFO] [epicfight/]: Data keys [wom:charge, wom:cycle] for wom:soul_protection
[22May2026 17:04:42.294] [main/INFO] [epicfight/]: Data keys [wom:charge, wom:cycle] for wom:shulker_cloak
[22May2026 17:04:42.294] [main/INFO] [epicfight/]: Data keys [wom:active, wom:timer, epicfight:penalty_restore_counter, epicfight:penalty] for wom:buster_parade
[22May2026 17:04:42.294] [main/INFO] [epicfight/]: Data keys [wom:timer_refresh, wom:duree, wom:active, wom:timer] for wom:pain_anticipation
[22May2026 17:04:42.294] [main/INFO] [epicfight/]: Data keys [wom:timer_refresh, wom:duree, wom:active, wom:timer] for wom:latent_retribution
[22May2026 17:04:42.294] [main/INFO] [epicfight/]: Data keys [wom:power, wom:rate] for wom:critical_knowledge
[22May2026 17:04:42.294] [main/INFO] [epicfight/]: Data keys [wom:cooldown, wom:recovery_rate, wom:max_shield] for wom:heart_shield
[22May2026 17:04:42.294] [main/INFO] [epicfight/]: Data keys [wom:saved_elapsed_time, wom:melody_index, wom:step] for wom:dancing_blade
[22May2026 17:04:42.294] [main/INFO] [epicfight/]: Data keys [wom:timer_refresh, wom:duree, wom:stage, wom:active, wom:timer, wom:cycle] for wom:meditation
[22May2026 17:04:42.294] [main/INFO] [epicfight/]: Data keys [wom:cooldown] for wom:dopamine
[22May2026 17:04:42.294] [main/INFO] [epicfight/]: Data keys [wom:last_active] for wom:manipulator
[22May2026 17:04:42.294] [main/INFO] [epicfight/]: Data keys [wom:power, wom:timer, wom:rate, wom:stack] for wom:lethal_focus
[22May2026 17:04:42.294] [main/INFO] [epicfight/]: Data keys [wom:angle, wom:timer_refresh, wom:jump_key_up, wom:timer, wom:wall_glide, wom:wall_running] for wom:spider_techniques
[22May2026 17:04:42.294] [main/INFO] [epicfight/]: Data keys [wom:mermaid_movement, wom:water_dashing, wom:crawling, wom:diving, wom:consumprion_value, wom:jump_key_up, wom:cooldown] for wom:aqua_maneuvre
[22May2026 17:04:42.294] [main/INFO] [epicfight/]: Data keys [wom:consumprion_value, wom:stage, wom:active, wom:timer, wom:wall_glide, wom:wall_running, wom:verso, wom:buffing] for wom:natural_sprinter
[22May2026 17:04:42.294] [main/INFO] [epicfight/]: Data keys [wom:timer] for wom:lunatic_vivacity
[22May2026 17:04:42.295] [main/INFO] [epicfight/]: Data keys [wom:consumprion_value, wom:timer, wom:registered_health] for wom:voodoo_magic
[22May2026 17:04:42.295] [main/INFO] [epicfight/]: Data keys [wom:target_distance, wom:target_id] for wom:back_and_forth
[22May2026 17:04:42.295] [main/INFO] [epicfight/]: Data keys [wom:combo, wom:cooldown] for wom:shooting_style
[22May2026 17:04:42.295] [main/INFO] [epicfight/]: Data keys [wom:active, wom:timer] for wom:proximity_exploiter
[22May2026 17:04:42.295] [main/INFO] [epicfight/]: Data keys [wom:timer, wom:stack] for wom:all_eyes_on_you
[22May2026 17:04:42.295] [main/INFO] [epicfight/]: Data keys [wom:timer, wom:stack] for wom:all_eyes_on_me
[22May2026 17:04:42.295] [main/INFO] [epicfight/]: Data keys [wom:timer, wom:cooldown] for wom:avatar_of_might
[22May2026 17:04:42.295] [main/INFO] [epicfight/]: Data keys [wom:active, wom:stack, wom:attacks] for wom:agony_plunge
[22May2026 17:04:42.295] [main/INFO] [epicfight/]: Data keys [wom:timer_refresh, wom:active, wom:saved_charge, wom:timer, wom:charged, wom:charging_time, wom:charging, wom:charged_attack, wom:movespeed] for wom:torment_passive
[22May2026 17:04:42.295] [main/INFO] [epicfight/]: Data keys [wom:timer_refresh, wom:active, wom:timer] for wom:true_berserk
[22May2026 17:04:42.295] [main/INFO] [epicfight/]: Data keys [wom:stack] for wom:herrscher_passive
[22May2026 17:04:42.295] [main/INFO] [epicfight/]: Data keys [wom:timer_refresh, wom:buffed, wom:redemptioon, wom:timer, wom:strenght, wom:verso, wom:buffing, wom:expiation] for wom:plunder_perdition
[22May2026 17:04:42.295] [main/INFO] [epicfight/]: Data keys [wom:sheath] for wom:satsujin_passive
[22May2026 17:04:42.295] [main/INFO] [epicfight/]: Data keys [wom:holding_stance, wom:second_draw, wom:timedslash, wom:timer_refresh, wom:timer, wom:stack, wom:cooldown, wom:damage, wom:charge, wom:attacks, wom:frequency, wom:active, wom:saved_charge, wom:charging] for wom:sakura_state
[22May2026 17:04:42.296] [main/INFO] [epicfight/]: Data keys [wom:shoot, wom:using_item, wom:reload_cooldown, wom:combo, wom:cooldown, wom:zoom, wom:nofalldamage] for wom:ender_blast
[22May2026 17:04:42.296] [main/INFO] [epicfight/]: Data keys [wom:shoot, wom:using_item, wom:reload_cooldown, wom:side, wom:combo, wom:cooldown, wom:zoom, wom:nofalldamage] for wom:ender_fusion
[22May2026 17:04:42.296] [main/INFO] [epicfight/]: Data keys [wom:parrying, wom:holding_stance, wom:guard_point_result, wom:gesetz_sprengkopf, wom:guard_point, wom:combo, wom:cooldown, wom:charged, wom:charging_time] for wom:regierung
[22May2026 17:04:42.296] [main/INFO] [epicfight/]: Data keys [wom:echo, wom:lunar_eclipse_stack, wom:timer_refresh, wom:timer, wom:crescent] for wom:lunar_eclipse
[22May2026 17:04:42.296] [main/INFO] [epicfight/]: Data keys [wom:verso, wom:idle] for wom:lunar_echo_passive
[22May2026 17:04:42.296] [main/INFO] [epicfight/]: Data keys [wom:shoot, wom:shoot_cooldown, wom:blackhole, wom:timer_refresh, wom:blackhole_active, wom:timer, wom:darkness_target_vec, wom:darkness_activate_portal, wom:serius_focus_cooldown, wom:zoom_cooldown, wom:serius_focus, wom:blackhole_timer, wom:darkness_portal_angle, wom:darkness_portal_vec, wom:witheraftereffect, wom:darkness_target_reaped, wom:active, wom:blackhole_vec, wom:darkness_target_hited, wom:ascending, wom:witherccatharsis, wom:zoom, wom:darkness_portal_timer, wom:darkness_target] for wom:demonic_ascension
[22May2026 17:04:42.296] [main/INFO] [epicfight/]: Data keys [wom:catharsis, wom:lapse, wom:blink, wom:particle, wom:withercurse, wom:basic_attack, wom:idle] for wom:demon_mark_passive
[22May2026 17:04:42.296] [main/INFO] [epicfight/]: Data keys [wom:timed_attack, wom:timer_refresh, wom:solar_obscuridad_ta_timer, wom:timer, wom:heating_speed, wom:stored_heat_level, wom:solar_obscuridad, wom:solar_crematorio, wom:charge, wom:cycle, wom:particle, wom:solar_infernio, wom:charging, wom:heat_level] for wom:solar_arcano
[22May2026 17:04:42.296] [main/INFO] [epicfight/]: Data keys [wom:timed_attack, wom:timer_refresh, wom:solar_obscuridad_ta_timer, wom:timer, wom:heating_speed, wom:stored_heat_level, wom:solar_obscuridad, wom:solar_crematorio, wom:charge, wom:cycle, wom:particle, wom:solar_infernio, wom:charging, wom:heat_level] for wom:solar_passive
[22May2026 17:04:42.296] [main/INFO] [epicfight/]: Data keys [wom:serius_focus_cooldown, wom:serius_focus] for wom:rechargement
[22May2026 17:04:42.296] [main/INFO] [epicfight/]: Data keys [wom:shell_anim, wom:bullet_overloaded, wom:bullet_loaded_old, wom:active, wom:shell_delay, wom:bullet_loaded, wom:super_reload, wom:shell_number] for wom:napoleon_passive
[22May2026 17:04:42.599] [main/WARN] [net.minecraftforge.server.loading.ServerModLoader/LOADING]: Mods loaded with 2 warnings
[22May2026 17:04:42.603] [main/WARN] [net.minecraftforge.server.loading.ServerModLoader/LOADING]: modernfix.redirector_installed
[22May2026 17:04:42.604] [main/WARN] [net.minecraftforge.server.loading.ServerModLoader/LOADING]: modernfix.perf_mod_warning
[22May2026 17:04:42.625] [main/INFO] [com.mojang.authlib.yggdrasil.YggdrasilAuthenticationService/]: Environment: authHost='https://authserver.mojang.com', accountsHost='https://api.mojang.com', sessionHost='https://sessionserver.mojang.com', servicesHost='https://api.minecraftservices.com', name='PROD'
[22May2026 17:04:42.790] [main/ERROR] [net.minecraft.Util/]: Entity mythsandlegends:molten_ball has no attributes
[22May2026 17:04:42.791] [main/ERROR] [net.minecraft.Util/]: Entity mythsandlegends:molten_ball has no attributes
[22May2026 17:04:42.791] [main/ERROR] [net.minecraft.Util/]: Entity mythsandlegends:molten_ball has no attributes
[22May2026 17:04:42.791] [main/ERROR] [net.minecraft.Util/]: Entity mythsandlegends:molten_ball has no attributes
[22May2026 17:04:42.791] [main/ERROR] [net.minecraft.Util/]: Entity mythsandlegends:molten_ball has no attributes
[22May2026 17:04:42.792] [main/ERROR] [net.minecraft.Util/]: Entity mythsandlegends:molten_ball has no attributes
[22May2026 17:04:42.792] [main/ERROR] [net.minecraft.Util/]: Entity mythsandlegends:molten_ball has no attributes
[22May2026 17:04:42.792] [main/ERROR] [net.minecraft.Util/]: Entity mythsandlegends:molten_ball has no attributes
[22May2026 17:04:42.792] [main/ERROR] [net.minecraft.Util/]: Entity mythsandlegends:molten_ball has no attributes
[22May2026 17:04:42.792] [main/ERROR] [net.minecraft.Util/]: Entity mythsandlegends:molten_ball has no attributes
[22May2026 17:04:42.792] [main/ERROR] [net.minecraft.Util/]: Entity mythsandlegends:molten_ball has no attributes
[22May2026 17:04:42.792] [main/ERROR] [net.minecraft.Util/]: Entity mythsandlegends:molten_ball has no attributes
[22May2026 17:04:42.793] [main/ERROR] [net.minecraft.Util/]: Entity mythsandlegends:molten_ball has no attributes
[22May2026 17:04:42.793] [main/ERROR] [net.minecraft.Util/]: Entity mythsandlegends:molten_ball has no attributes
[22May2026 17:04:42.793] [main/ERROR] [net.minecraft.Util/]: Entity mythsandlegends:molten_ball has no attributes
[22May2026 17:04:42.793] [main/ERROR] [net.minecraft.Util/]: Entity mythsandlegends:molten_ball has no attributes
[22May2026 17:04:42.793] [main/ERROR] [net.minecraft.Util/]: Entity mythsandlegends:molten_ball has no attributes
[22May2026 17:04:42.794] [main/ERROR] [net.minecraft.Util/]: Entity mythsandlegends:molten_ball has no attributes
[22May2026 17:04:42.794] [main/ERROR] [net.minecraft.Util/]: Entity mythsandlegends:molten_ball has no attributes
[22May2026 17:04:42.794] [main/ERROR] [net.minecraft.Util/]: Entity mythsandlegends:molten_ball has no attributes
[22May2026 17:04:42.794] [main/ERROR] [net.minecraft.Util/]: Entity mythsandlegends:molten_ball has no attributes
[22May2026 17:04:42.794] [main/ERROR] [net.minecraft.Util/]: Entity mythsandlegends:molten_ball has no attributes
[22May2026 17:04:42.794] [main/ERROR] [net.minecraft.Util/]: Entity mythsandlegends:molten_ball has no attributes
[22May2026 17:04:42.795] [main/ERROR] [net.minecraft.Util/]: Entity mythsandlegends:molten_ball has no attributes
[22May2026 17:04:42.795] [main/ERROR] [net.minecraft.Util/]: Entity mythsandlegends:molten_ball has no attributes
[22May2026 17:04:42.795] [main/ERROR] [net.minecraft.Util/]: Entity mythsandlegends:molten_ball has no attributes
[22May2026 17:04:42.795] [main/ERROR] [net.minecraft.Util/]: Entity mythsandlegends:molten_ball has no attributes
[22May2026 17:04:42.795] [main/ERROR] [net.minecraft.Util/]: Entity mythsandlegends:molten_ball has no attributes
[22May2026 17:04:42.795] [main/ERROR] [net.minecraft.Util/]: Entity mythsandlegends:molten_ball has no attributes
[22May2026 17:04:42.796] [main/ERROR] [net.minecraft.Util/]: Entity mythsandlegends:molten_ball has no attributes
[22May2026 17:04:42.796] [main/ERROR] [net.minecraft.Util/]: Entity mythsandlegends:molten_ball has no attributes
[22May2026 17:04:42.796] [main/ERROR] [net.minecraft.Util/]: Entity mythsandlegends:molten_ball has no attributes
[22May2026 17:04:42.796] [main/ERROR] [net.minecraft.Util/]: Entity mythsandlegends:molten_ball has no attributes
[22May2026 17:04:42.796] [main/ERROR] [net.minecraft.Util/]: Entity mythsandlegends:molten_ball has no attributes
[22May2026 17:04:42.796] [main/ERROR] [net.minecraft.Util/]: Entity mythsandlegends:molten_ball has no attributes
[22May2026 17:04:42.797] [main/ERROR] [net.minecraft.Util/]: Entity mythsandlegends:molten_ball has no attributes
[22May2026 17:04:42.797] [main/ERROR] [net.minecraft.Util/]: Entity mythsandlegends:molten_ball has no attributes
[22May2026 17:04:42.797] [main/ERROR] [net.minecraft.Util/]: Entity mythsandlegends:molten_ball has no attributes
[22May2026 17:04:42.797] [main/ERROR] [net.minecraft.Util/]: Entity mythsandlegends:molten_ball has no attributes
[22May2026 17:04:42.797] [main/ERROR] [net.minecraft.Util/]: Entity mythsandlegends:molten_ball has no attributes
[22May2026 17:04:42.797] [main/ERROR] [net.minecraft.Util/]: Entity mythsandlegends:molten_ball has no attributes
[22May2026 17:04:42.797] [main/ERROR] [net.minecraft.Util/]: Entity mythsandlegends:molten_ball has no attributes
[22May2026 17:04:42.797] [main/ERROR] [net.minecraft.Util/]: Entity mythsandlegends:molten_ball has no attributes
[22May2026 17:04:42.798] [main/ERROR] [net.minecraft.Util/]: Entity mythsandlegends:molten_ball has no attributes
[22May2026 17:04:42.798] [main/ERROR] [net.minecraft.Util/]: Entity mythsandlegends:molten_ball has no attributes
[22May2026 17:04:42.798] [main/ERROR] [net.minecraft.Util/]: Entity mythsandlegends:molten_ball has no attributes
[22May2026 17:04:42.798] [main/ERROR] [net.minecraft.Util/]: Entity mythsandlegends:molten_ball has no attributes
[22May2026 17:04:42.798] [main/ERROR] [net.minecraft.Util/]: Entity mythsandlegends:molten_ball has no attributes
[22May2026 17:04:42.798] [main/ERROR] [net.minecraft.Util/]: Entity mythsandlegends:molten_ball has no attributes
[22May2026 17:04:42.798] [main/ERROR] [net.minecraft.Util/]: Entity mythsandlegends:molten_ball has no attributes
[22May2026 17:04:42.799] [main/ERROR] [net.minecraft.Util/]: Entity mythsandlegends:molten_ball has no attributes
[22May2026 17:04:42.799] [main/ERROR] [net.minecraft.Util/]: Entity mythsandlegends:molten_ball has no attributes
[22May2026 17:04:42.799] [main/ERROR] [net.minecraft.Util/]: Entity mythsandlegends:molten_ball has no attributes
[22May2026 17:04:42.799] [main/ERROR] [net.minecraft.Util/]: Entity mythsandlegends:molten_ball has no attributes
[22May2026 17:04:42.799] [main/ERROR] [net.minecraft.Util/]: Entity mythsandlegends:molten_ball has no attributes
[22May2026 17:04:42.799] [main/ERROR] [net.minecraft.Util/]: Entity mythsandlegends:molten_ball has no attributes
[22May2026 17:04:42.799] [main/ERROR] [net.minecraft.Util/]: Entity mythsandlegends:molten_ball has no attributes
[22May2026 17:04:42.932] [main/ERROR] [net.minecraft.Util/]: Entity mythsandlegends:molten_ball has no attributes
[22May2026 17:04:42.932] [main/ERROR] [net.minecraft.Util/]: Entity mythsandlegends:molten_ball has no attributes
[22May2026 17:04:42.932] [main/ERROR] [net.minecraft.Util/]: Entity mythsandlegends:molten_ball has no attributes
[22May2026 17:04:42.932] [main/ERROR] [net.minecraft.Util/]: Entity mythsandlegends:molten_ball has no attributes
[22May2026 17:04:42.932] [main/ERROR] [net.minecraft.Util/]: Entity mythsandlegends:molten_ball has no attributes
[22May2026 17:04:42.932] [main/ERROR] [net.minecraft.Util/]: Entity mythsandlegends:molten_ball has no attributes
[22May2026 17:04:42.933] [main/ERROR] [net.minecraft.Util/]: Entity mythsandlegends:molten_ball has no attributes
[22May2026 17:04:42.933] [main/ERROR] [net.minecraft.Util/]: Entity mythsandlegends:molten_ball has no attributes
[22May2026 17:04:42.933] [main/ERROR] [net.minecraft.Util/]: Entity mythsandlegends:molten_ball has no attributes
[22May2026 17:04:42.933] [main/ERROR] [net.minecraft.Util/]: Entity mythsandlegends:molten_ball has no attributes
[22May2026 17:04:42.933] [main/ERROR] [net.minecraft.Util/]: Entity mythsandlegends:molten_ball has no attributes
[22May2026 17:04:42.933] [main/ERROR] [net.minecraft.Util/]: Entity mythsandlegends:molten_ball has no attributes
[22May2026 17:04:42.933] [main/ERROR] [net.minecraft.Util/]: Entity mythsandlegends:molten_ball has no attributes
[22May2026 17:04:42.934] [main/ERROR] [net.minecraft.Util/]: Entity mythsandlegends:molten_ball has no attributes
[22May2026 17:04:42.934] [main/ERROR] [net.minecraft.Util/]: Entity mythsandlegends:molten_ball has no attributes
[22May2026 17:04:42.934] [main/ERROR] [net.minecraft.Util/]: Entity mythsandlegends:molten_ball has no attributes
[22May2026 17:04:42.934] [main/ERROR] [net.minecraft.Util/]: Entity mythsandlegends:molten_ball has no attributes
[22May2026 17:04:42.934] [main/ERROR] [net.minecraft.Util/]: Entity mythsandlegends:molten_ball has no attributes
[22May2026 17:04:42.934] [main/ERROR] [net.minecraft.Util/]: Entity mythsandlegends:molten_ball has no attributes
[22May2026 17:04:42.934] [main/ERROR] [net.minecraft.Util/]: Entity mythsandlegends:molten_ball has no attributes
[22May2026 17:04:42.935] [main/ERROR] [net.minecraft.Util/]: Entity mythsandlegends:molten_ball has no attributes
[22May2026 17:04:42.935] [main/ERROR] [net.minecraft.Util/]: Entity mythsandlegends:molten_ball has no attributes
[22May2026 17:04:42.935] [main/ERROR] [net.minecraft.Util/]: Entity mythsandlegends:molten_ball has no attributes
[22May2026 17:04:42.935] [main/ERROR] [net.minecraft.Util/]: Entity mythsandlegends:molten_ball has no attributes
[22May2026 17:04:42.935] [main/ERROR] [net.minecraft.Util/]: Entity mythsandlegends:molten_ball has no attributes
[22May2026 17:04:42.935] [main/ERROR] [net.minecraft.Util/]: Entity mythsandlegends:molten_ball has no attributes
[22May2026 17:04:42.935] [main/ERROR] [net.minecraft.Util/]: Entity mythsandlegends:molten_ball has no attributes
[22May2026 17:04:42.935] [main/ERROR] [net.minecraft.Util/]: Entity mythsandlegends:molten_ball has no attributes
[22May2026 17:04:42.936] [main/ERROR] [net.minecraft.Util/]: Entity mythsandlegends:molten_ball has no attributes
[22May2026 17:04:42.936] [main/ERROR] [net.minecraft.Util/]: Entity mythsandlegends:molten_ball has no attributes
[22May2026 17:04:42.936] [main/ERROR] [net.minecraft.Util/]: Entity mythsandlegends:molten_ball has no attributes
[22May2026 17:04:42.936] [main/ERROR] [net.minecraft.Util/]: Entity mythsandlegends:molten_ball has no attributes
[22May2026 17:04:42.936] [main/ERROR] [net.minecraft.Util/]: Entity mythsandlegends:molten_ball has no attributes
[22May2026 17:04:42.936] [main/ERROR] [net.minecraft.Util/]: Entity mythsandlegends:molten_ball has no attributes
[22May2026 17:04:42.936] [main/ERROR] [net.minecraft.Util/]: Entity mythsandlegends:molten_ball has no attributes
[22May2026 17:04:42.936] [main/ERROR] [net.minecraft.Util/]: Entity mythsandlegends:molten_ball has no attributes
[22May2026 17:04:42.937] [main/ERROR] [net.minecraft.Util/]: Entity mythsandlegends:molten_ball has no attributes
[22May2026 17:04:42.937] [main/ERROR] [net.minecraft.Util/]: Entity mythsandlegends:molten_ball has no attributes
[22May2026 17:04:42.937] [main/ERROR] [net.minecraft.Util/]: Entity mythsandlegends:molten_ball has no attributes
[22May2026 17:04:42.937] [main/ERROR] [net.minecraft.Util/]: Entity mythsandlegends:molten_ball has no attributes
[22May2026 17:04:42.937] [main/ERROR] [net.minecraft.Util/]: Entity mythsandlegends:molten_ball has no attributes
[22May2026 17:04:42.937] [main/ERROR] [net.minecraft.Util/]: Entity mythsandlegends:molten_ball has no attributes
[22May2026 17:04:42.937] [main/ERROR] [net.minecraft.Util/]: Entity mythsandlegends:molten_ball has no attributes
[22May2026 17:04:42.938] [main/ERROR] [net.minecraft.Util/]: Entity mythsandlegends:molten_ball has no attributes
[22May2026 17:04:42.938] [main/ERROR] [net.minecraft.Util/]: Entity mythsandlegends:molten_ball has no attributes
[22May2026 17:04:42.938] [main/ERROR] [net.minecraft.Util/]: Entity mythsandlegends:molten_ball has no attributes
[22May2026 17:04:42.938] [main/ERROR] [net.minecraft.Util/]: Entity mythsandlegends:molten_ball has no attributes
[22May2026 17:04:42.938] [main/ERROR] [net.minecraft.Util/]: Entity mythsandlegends:molten_ball has no attributes
[22May2026 17:04:42.938] [main/ERROR] [net.minecraft.Util/]: Entity mythsandlegends:molten_ball has no attributes
[22May2026 17:04:42.938] [main/ERROR] [net.minecraft.Util/]: Entity mythsandlegends:molten_ball has no attributes
[22May2026 17:04:42.938] [main/ERROR] [net.minecraft.Util/]: Entity mythsandlegends:molten_ball has no attributes
[22May2026 17:04:42.938] [main/ERROR] [net.minecraft.Util/]: Entity mythsandlegends:molten_ball has no attributes
[22May2026 17:04:42.939] [main/ERROR] [net.minecraft.Util/]: Entity mythsandlegends:molten_ball has no attributes
[22May2026 17:04:42.939] [main/ERROR] [net.minecraft.Util/]: Entity mythsandlegends:molten_ball has no attributes
[22May2026 17:04:42.939] [main/ERROR] [net.minecraft.Util/]: Entity mythsandlegends:molten_ball has no attributes
[22May2026 17:04:42.939] [main/ERROR] [net.minecraft.Util/]: Entity mythsandlegends:molten_ball has no attributes
[22May2026 17:04:42.939] [main/ERROR] [net.minecraft.Util/]: Entity mythsandlegends:molten_ball has no attributes
[22May2026 17:04:43.055] [main/INFO] [epicfight/]: Data keys [invincible:left, invincible:down, invincible:parry_timer, invincible:up, invincible:dodge_success_timer, invincible:right, invincible:cooldown] for invincible:combo_demo
[22May2026 17:04:43.055] [main/INFO] [epicfight/]: Data keys [invincible:left, invincible:down, invincible:parry_timer, invincible:up, invincible:dodge_success_timer, invincible:right, invincible:cooldown] for wolm:toxicus_obliteration_sword
[22May2026 17:04:43.055] [main/INFO] [epicfight/]: Data keys [invincible:left, invincible:down, invincible:parry_timer, invincible:up, invincible:dodge_success_timer, invincible:right, invincible:cooldown] for wolm:toxicus_obliteration_swordshield
[22May2026 17:04:43.055] [main/INFO] [epicfight/]: Data keys [cdmoveset:target_id] for cdmoveset:ex_yamato_step
[22May2026 17:04:43.055] [main/INFO] [epicfight/]: Data keys [cdmoveset:timer, cdmoveset:wolf_passive, cdmoveset:damage] for cdmoveset:bloodwolf
[22May2026 17:04:43.055] [main/INFO] [epicfight/]: Data keys [cdmoveset:yamato_power3_active, cdmoveset:counter_success, cdmoveset:yamato_attack_active, cdmoveset:damages, cdmoveset:yamato_attack] for cdmoveset:yamatoskill
[22May2026 17:04:43.055] [main/INFO] [epicfight/]: Data keys [cdmoveset:rush_combo] for cdmoveset:blade_rush
[22May2026 17:04:43.055] [main/INFO] [epicfight/]: Data keys [cdmoveset:yamato_power3_active] for cdmoveset:yamato_passive
[22May2026 17:04:43.056] [main/INFO] [epicfight/]: Data keys [cdmoveset:count, cdmoveset:direction, cdmoveset:dodge_played, cdmoveset:reset_timer] for cdmoveset:wolf_dodge
[22May2026 17:04:43.056] [main/INFO] [epicfight/]: Data keys [epicfight:combo_counter, epicfight:basic_attack_active] for epicfight:basic_attack
[22May2026 17:04:43.056] [main/INFO] [epicfight/]: Data keys [epicfight:penalty_restore_counter, epicfight:penalty] for epicfight:guard
[22May2026 17:04:43.056] [main/INFO] [epicfight/]: Data keys [epicfight:parry_motion_counter, epicfight:last_active, epicfight:penalty_restore_counter, epicfight:penalty] for epicfight:parrying
[22May2026 17:04:43.056] [main/INFO] [epicfight/]: Data keys [epicfight:penalty_restore_counter, epicfight:penalty] for epicfight:impact_guard
[22May2026 17:04:43.056] [main/INFO] [epicfight/]: Data keys [epicfight:stacks, epicfight:tick_record, epicfight:resisting_damage_type] for epicfight:adaptive_skin
[22May2026 17:04:43.056] [main/INFO] [epicfight/]: Data keys [epicfight:tick_record] for epicfight:adrenaline_fiend
[22May2026 17:04:43.056] [main/INFO] [epicfight/]: Data keys [epicfight:stacks, epicfight:entity_id] for epicfight:bonebreaker
[22May2026 17:04:43.056] [main/INFO] [epicfight/]: Data keys [epicfight:tick_record, epicfight:entity_id] for epicfight:vengeance
[22May2026 17:04:43.056] [main/INFO] [epicfight/]: Data keys [epicfight:fall_distance, epicfight:slam_protect_next_fall] for epicfight:meteor_slam
[22May2026 17:04:43.057] [main/INFO] [epicfight/]: Data keys [epicfight:stacks] for epicfight:revelation
[22May2026 17:04:43.057] [main/INFO] [epicfight/]: Data keys [epicfight:slam_protect_next_fall] for epicfight:demolition_leap
[22May2026 17:04:43.057] [main/INFO] [epicfight/]: Data keys [epicfight:slam_protect_next_fall, epicfight:jump_key_pressed_last_tick, epicfight:jump_count] for epicfight:phantom_ascent
[22May2026 17:04:43.057] [main/INFO] [epicfight/]: Data keys [cdmoveset:rush_end, epicfight:last_hit_count] for epicfight:grasping_spire
[22May2026 17:04:43.057] [main/INFO] [epicfight/]: Data keys [epicfight:sheath] for epicfight:battojutsu_passive
[22May2026 17:04:43.057] [main/INFO] [epicfight/]: Data keys [epicfight:sheath] for epicfight:battojutsu
[22May2026 17:04:43.057] [main/INFO] [epicfight/]: Data keys [epicfight:combo_counter] for epicfight:blade_rush
[22May2026 17:04:43.057] [main/INFO] [epicfight/]: Data keys [epicfight:thrown_trident_entity_id] for epicfight:everlasting_allegiance
[22May2026 17:04:43.057] [main/INFO] [epicfight/]: Data keys [sword_soaring:cooldown_timer, sword_soaring:sword_entity_id] for sword_soaring:kill_aura_1
[22May2026 17:04:43.057] [main/INFO] [epicfight/]: Data keys [sword_soaring:cooldown_timer, sword_soaring:sword_entity_id] for sword_soaring:kill_aura_2
[22May2026 17:04:43.057] [main/INFO] [epicfight/]: Data keys [sword_soaring:cooldown_timer, sword_soaring:sword_entity_id, sword_soaring:protect_count] for sword_soaring:screen_sword
[22May2026 17:04:43.057] [main/INFO] [epicfight/]: Data keys [sword_soaring:delay_timer, sword_soaring:cooldown_timer, sword_soaring:play_big_dipper] for sword_soaring:rain_sword
[22May2026 17:04:43.057] [main/INFO] [epicfight/]: Data keys [sword_soaring:cooldown_timer, sword_soaring:camera_timer] for sword_soaring:babylon
[22May2026 17:04:43.057] [main/INFO] [epicfight/]: Data keys [sword_soaring:cooldown_timer, sword_soaring:is_charging, sword_soaring:is_pressing] for sword_soaring:wan_jian_gui_zong
[22May2026 17:04:43.057] [main/INFO] [epicfight/]: Data keys [sword_soaring:cooldown_timer, sword_soaring:flying, sword_soaring:accelerating] for sword_soaring:sword_soaring_apprentice
[22May2026 17:04:43.057] [main/INFO] [epicfight/]: Data keys [sword_soaring:cooldown_timer, sword_soaring:flying, sword_soaring:accelerating] for sword_soaring:sword_soaring_expert
[22May2026 17:04:43.057] [main/INFO] [epicfight/]: Data keys [sword_soaring:cooldown_timer, sword_soaring:flying, sword_soaring:accelerating] for sword_soaring:sword_soaring_master
[22May2026 17:04:43.057] [main/INFO] [epicfight/]: Data keys [sword_soaring:cooldown_timer, sword_soaring:flying, sword_soaring:accelerating] for sword_soaring:sword_soaring_elytra_apprentice
[22May2026 17:04:43.058] [main/INFO] [epicfight/]: Data keys [sword_soaring:cooldown_timer, sword_soaring:flying, sword_soaring:accelerating] for sword_soaring:sword_soaring_elytra_expert
[22May2026 17:04:43.058] [main/INFO] [epicfight/]: Data keys [sword_soaring:cooldown_timer, sword_soaring:flying, sword_soaring:accelerating] for sword_soaring:sword_soaring_elytra_master
[22May2026 17:04:43.058] [main/INFO] [epicfight/]: Data keys [invincible:left, invincible:down, invincible:parry_timer, invincible:up, invincible:dodge_success_timer, invincible:right, invincible:cooldown] for sword_soaring:vatansever_innate
[22May2026 17:04:43.058] [main/INFO] [epicfight/]: Data keys [sword_soaring:artifact_spirit_entity_id, sword_soaring:sword_count] for sword_soaring:vatansever_passive
[22May2026 17:04:43.058] [main/INFO] [epicfight/]: Data keys [wom:target_id] for wom:ender_obscuris
[22May2026 17:04:43.058] [main/INFO] [epicfight/]: Data keys [wom:timer_refresh, wom:dodge, wom:timer] for wom:dodge_master
[22May2026 17:04:43.058] [main/INFO] [epicfight/]: Data keys [wom:timer_refresh, wom:dodge, wom:active, wom:timer, wom:registered_position, wom:cooldown, wom:registered_health] for wom:time_travel
[22May2026 17:04:43.058] [main/INFO] [epicfight/]: Data keys [wom:cooldown] for wom:punishment_kick
[22May2026 17:04:43.058] [main/INFO] [epicfight/]: Data keys [wom:parrying, wom:consumprion_value, wom:last_active, epicfight:penalty_restore_counter, epicfight:penalty] for wom:counter_attack
[22May2026 17:04:43.058] [main/INFO] [epicfight/]: Data keys [wom:holding_stance, wom:timer_refresh, wom:consumprion_value, wom:timer, epicfight:penalty_restore_counter, wom:cooldown, wom:charge, wom:vengence_duration, epicfight:penalty] for wom:vengeful_parry
[22May2026 17:04:43.058] [main/INFO] [epicfight/]: Data keys [wom:parrying, epicfight:penalty_restore_counter, wom:cooldown, wom:charge, epicfight:penalty] for wom:perfect_bulwark
[22May2026 17:04:43.058] [main/INFO] [epicfight/]: Data keys [wom:charge, wom:cycle] for wom:soul_protection
[22May2026 17:04:43.058] [main/INFO] [epicfight/]: Data keys [wom:charge, wom:cycle] for wom:shulker_cloak
[22May2026 17:04:43.058] [main/INFO] [epicfight/]: Data keys [wom:active, wom:timer, epicfight:penalty_restore_counter, epicfight:penalty] for wom:buster_parade
[22May2026 17:04:43.058] [main/INFO] [epicfight/]: Data keys [wom:timer_refresh, wom:duree, wom:active, wom:timer] for wom:pain_anticipation
[22May2026 17:04:43.058] [main/INFO] [epicfight/]: Data keys [wom:timer_refresh, wom:duree, wom:active, wom:timer] for wom:latent_retribution
[22May2026 17:04:43.058] [main/INFO] [epicfight/]: Data keys [wom:power, wom:rate] for wom:critical_knowledge
[22May2026 17:04:43.058] [main/INFO] [epicfight/]: Data keys [wom:cooldown, wom:recovery_rate, wom:max_shield] for wom:heart_shield
[22May2026 17:04:43.059] [main/INFO] [epicfight/]: Data keys [wom:saved_elapsed_time, wom:melody_index, wom:step] for wom:dancing_blade
[22May2026 17:04:43.059] [main/INFO] [epicfight/]: Data keys [wom:timer_refresh, wom:duree, wom:stage, wom:active, wom:timer, wom:cycle] for wom:meditation
[22May2026 17:04:43.059] [main/INFO] [epicfight/]: Data keys [wom:cooldown] for wom:dopamine
[22May2026 17:04:43.059] [main/INFO] [epicfight/]: Data keys [wom:last_active] for wom:manipulator
[22May2026 17:04:43.059] [main/INFO] [epicfight/]: Data keys [wom:power, wom:timer, wom:rate, wom:stack] for wom:lethal_focus
[22May2026 17:04:43.059] [main/INFO] [epicfight/]: Data keys [wom:angle, wom:timer_refresh, wom:jump_key_up, wom:timer, wom:wall_glide, wom:wall_running] for wom:spider_techniques
[22May2026 17:04:43.059] [main/INFO] [epicfight/]: Data keys [wom:mermaid_movement, wom:water_dashing, wom:crawling, wom:diving, wom:consumprion_value, wom:jump_key_up, wom:cooldown] for wom:aqua_maneuvre
[22May2026 17:04:43.059] [main/INFO] [epicfight/]: Data keys [wom:consumprion_value, wom:stage, wom:active, wom:timer, wom:wall_glide, wom:wall_running, wom:verso, wom:buffing] for wom:natural_sprinter
[22May2026 17:04:43.059] [main/INFO] [epicfight/]: Data keys [wom:timer] for wom:lunatic_vivacity
[22May2026 17:04:43.059] [main/INFO] [epicfight/]: Data keys [wom:consumprion_value, wom:timer, wom:registered_health] for wom:voodoo_magic
[22May2026 17:04:43.059] [main/INFO] [epicfight/]: Data keys [wom:target_distance, wom:target_id] for wom:back_and_forth
[22May2026 17:04:43.059] [main/INFO] [epicfight/]: Data keys [wom:combo, wom:cooldown] for wom:shooting_style
[22May2026 17:04:43.059] [main/INFO] [epicfight/]: Data keys [wom:active, wom:timer] for wom:proximity_exploiter
[22May2026 17:04:43.059] [main/INFO] [epicfight/]: Data keys [wom:timer, wom:stack] for wom:all_eyes_on_you
[22May2026 17:04:43.059] [main/INFO] [epicfight/]: Data keys [wom:timer, wom:stack] for wom:all_eyes_on_me
[22May2026 17:04:43.059] [main/INFO] [epicfight/]: Data keys [wom:timer, wom:cooldown] for wom:avatar_of_might
[22May2026 17:04:43.059] [main/INFO] [epicfight/]: Data keys [wom:active, wom:stack, wom:attacks] for wom:agony_plunge
[22May2026 17:04:43.059] [main/INFO] [epicfight/]: Data keys [wom:timer_refresh, wom:active, wom:saved_charge, wom:timer, wom:charged, wom:charging_time, wom:charging, wom:charged_attack, wom:movespeed] for wom:torment_passive
[22May2026 17:04:43.059] [main/INFO] [epicfight/]: Data keys [wom:timer_refresh, wom:active, wom:timer] for wom:true_berserk
[22May2026 17:04:43.059] [main/INFO] [epicfight/]: Data keys [wom:stack] for wom:herrscher_passive
[22May2026 17:04:43.060] [main/INFO] [epicfight/]: Data keys [wom:timer_refresh, wom:buffed, wom:redemptioon, wom:timer, wom:strenght, wom:verso, wom:buffing, wom:expiation] for wom:plunder_perdition
[22May2026 17:04:43.060] [main/INFO] [epicfight/]: Data keys [wom:sheath] for wom:satsujin_passive
[22May2026 17:04:43.060] [main/INFO] [epicfight/]: Data keys [wom:holding_stance, wom:second_draw, wom:timedslash, wom:timer_refresh, wom:timer, wom:stack, wom:cooldown, wom:damage, wom:charge, wom:attacks, wom:frequency, wom:active, wom:saved_charge, wom:charging] for wom:sakura_state
[22May2026 17:04:43.060] [main/INFO] [epicfight/]: Data keys [wom:shoot, wom:using_item, wom:reload_cooldown, wom:combo, wom:cooldown, wom:zoom, wom:nofalldamage] for wom:ender_blast
[22May2026 17:04:43.060] [main/INFO] [epicfight/]: Data keys [wom:shoot, wom:using_item, wom:reload_cooldown, wom:side, wom:combo, wom:cooldown, wom:zoom, wom:nofalldamage] for wom:ender_fusion
[22May2026 17:04:43.060] [main/INFO] [epicfight/]: Data keys [wom:parrying, wom:holding_stance, wom:guard_point_result, wom:gesetz_sprengkopf, wom:guard_point, wom:combo, wom:cooldown, wom:charged, wom:charging_time] for wom:regierung
[22May2026 17:04:43.060] [main/INFO] [epicfight/]: Data keys [wom:echo, wom:lunar_eclipse_stack, wom:timer_refresh, wom:timer, wom:crescent] for wom:lunar_eclipse
[22May2026 17:04:43.060] [main/INFO] [epicfight/]: Data keys [wom:verso, wom:idle] for wom:lunar_echo_passive
[22May2026 17:04:43.060] [main/INFO] [epicfight/]: Data keys [wom:shoot, wom:shoot_cooldown, wom:blackhole, wom:timer_refresh, wom:blackhole_active, wom:timer, wom:darkness_target_vec, wom:darkness_activate_portal, wom:serius_focus_cooldown, wom:zoom_cooldown, wom:serius_focus, wom:blackhole_timer, wom:darkness_portal_angle, wom:darkness_portal_vec, wom:witheraftereffect, wom:darkness_target_reaped, wom:active, wom:blackhole_vec, wom:darkness_target_hited, wom:ascending, wom:witherccatharsis, wom:zoom, wom:darkness_portal_timer, wom:darkness_target] for wom:demonic_ascension
[22May2026 17:04:43.060] [main/INFO] [epicfight/]: Data keys [wom:catharsis, wom:lapse, wom:blink, wom:particle, wom:withercurse, wom:basic_attack, wom:idle] for wom:demon_mark_passive
[22May2026 17:04:43.060] [main/INFO] [epicfight/]: Data keys [wom:timed_attack, wom:timer_refresh, wom:solar_obscuridad_ta_timer, wom:timer, wom:heating_speed, wom:stored_heat_level, wom:solar_obscuridad, wom:solar_crematorio, wom:charge, wom:cycle, wom:particle, wom:solar_infernio, wom:charging, wom:heat_level] for wom:solar_arcano
[22May2026 17:04:43.060] [main/INFO] [epicfight/]: Data keys [wom:timed_attack, wom:timer_refresh, wom:solar_obscuridad_ta_timer, wom:timer, wom:heating_speed, wom:stored_heat_level, wom:solar_obscuridad, wom:solar_crematorio, wom:charge, wom:cycle, wom:particle, wom:solar_infernio, wom:charging, wom:heat_level] for wom:solar_passive
[22May2026 17:04:43.060] [main/INFO] [epicfight/]: Data keys [wom:serius_focus_cooldown, wom:serius_focus] for wom:rechargement
[22May2026 17:04:43.060] [main/INFO] [epicfight/]: Data keys [wom:shell_anim, wom:bullet_overloaded, wom:bullet_loaded_old, wom:active, wom:shell_delay, wom:bullet_loaded, wom:super_reload, wom:shell_number] for wom:napoleon_passive
[22May2026 17:04:43.088] [main/INFO] [com.teampotato.redirector.Redirector/]: Redirecting net/minecraft/nbt/StreamTagVisitor$ValueResult
[22May2026 17:04:43.089] [main/INFO] [com.teampotato.redirector.Redirector/]: Redirecting net/minecraft/nbt/StreamTagVisitor$EntryResult
[22May2026 17:04:43.127] [main/INFO] [com.teampotato.redirector.Redirector/]: Redirecting net/minecraft/util/datafix/DataFixTypes
[22May2026 17:04:43.149] [main/WARN] [net.minecraft.server.packs.VanillaPackResourcesBuilder/]: Assets URL 'union:/workspaces/anashe-cherver/servidor_minecraft/libraries/net/minecraft/server/1.20.1-20230612.114412/server-1.20.1-20230612.114412-srg.jar%23405!/assets/.mcassetsroot' uses unexpected schema
[22May2026 17:04:43.149] [main/WARN] [net.minecraft.server.packs.VanillaPackResourcesBuilder/]: Assets URL 'union:/workspaces/anashe-cherver/servidor_minecraft/libraries/net/minecraft/server/1.20.1-20230612.114412/server-1.20.1-20230612.114412-srg.jar%23405!/data/.mcassetsroot' uses unexpected schema
[22May2026 17:04:43.314] [main/INFO] [Moonlight/]: Starting runtime resource generation for pack type SERVER_DATA with generators from mods [supplementaries]: [net.mehvahdjukaar.supplementaries.dynamicpack.ServerDynamicResourcesGenerator@53065e5c]
[22May2026 17:04:43.315] [main/INFO] [Moonlight/]: Generating runtime assets for pack Supplementaries Generated Pack (supplementaries)
[22May2026 17:04:43.318] [pool-3-thread-1/INFO] [com.teampotato.redirector.Redirector/]: Redirecting net/mehvahdjukaar/moonlight/api/resources/ResType
[22May2026 17:04:43.357] [pool-3-thread-1/INFO] [com.teampotato.redirector.Redirector/]: Redirecting net/minecraft/data/recipes/RecipeCategory
[22May2026 17:04:43.387] [pool-3-thread-1/INFO] [com.teampotato.redirector.Redirector/]: Redirecting net/minecraft/world/level/storage/loot/LootContext$EntityTarget
[22May2026 17:04:43.397] [main/INFO] [Supplementaries/]: Generated runtime SERVER_DATA for pack Supplementaries Generated Pack (supplementaries) in: 82 ms (multithreaded)
[22May2026 17:04:43.397] [main/INFO] [Moonlight/]: Finished runtime resources generation for 1 packs in a total of 83 ms
[22May2026 17:04:43.398] [main/INFO] [com.teampotato.redirector.Redirector/]: Redirecting net/minecraft/server/RegistryLayer
[22May2026 17:04:44.458] [main/INFO] [com.teampotato.redirector.Redirector/]: Redirecting com/finndog/moogs_structures/world/structures/GenericJigsawStructure$BURYING_TYPE
[22May2026 17:04:44.469] [main/INFO] [com.teampotato.redirector.Redirector/]: Redirecting com/telepathicgrunt/repurposedstructures/world/structures/GenericJigsawStructure$BURYING_TYPE
[22May2026 17:04:44.485] [main/INFO] [com.teampotato.redirector.Redirector/]: Redirecting com/finndog/moogs_structures/world/structures/GenericNetherJigsawStructure$LAND_SEARCH_DIRECTION
[22May2026 17:04:44.579] [main/INFO] [com.teampotato.redirector.Redirector/]: Redirecting com/yungnickyoung/minecraft/bettermineshafts/world/config/BetterMineshaftConfiguration$LegVariant
[22May2026 17:04:44.606] [main/INFO] [com.teampotato.redirector.Redirector/]: Redirecting com/telepathicgrunt/repurposedstructures/world/structures/GenericNetherJigsawStructure$LAND_SEARCH_DIRECTION
[22May2026 17:04:44.707] [main/INFO] [bettervillage/]: StructureSet modified for minecraft:village : Now using custom village configuration (can be disabled in the better villages config: boolean.villages.enabled_custom_config).
[22May2026 17:04:44.956] [main/INFO] [com.teampotato.redirector.Redirector/]: Redirecting com/telepathicgrunt/repurposedstructures/world/predicates/MatterPhaseRuleTest$MATTER_PHASE
[22May2026 17:04:45.001] [main/INFO] [com.teampotato.redirector.Redirector/]: Redirecting com/yungnickyoung/minecraft/betterdungeons/world/DungeonType
[22May2026 17:04:45.054] [main/INFO] [com.teampotato.redirector.Redirector/]: Redirecting net/minecraft/world/level/block/entity/JigsawBlockEntity$JointType
[22May2026 17:04:45.262] [main/INFO] [com.teampotato.redirector.Redirector/]: Redirecting net/minecraft/world/level/levelgen/DensityFunctions$MulOrAdd$Type
[22May2026 17:04:45.630] [main/INFO] [com.teampotato.redirector.Redirector/]: Redirecting net/minecraft/world/item/ItemStack$TooltipPart
[22May2026 17:04:45.651] [main/INFO] [com.teampotato.redirector.Redirector/]: Redirecting net/minecraft/world/entity/animal/axolotl/Axolotl$Variant
[22May2026 17:04:45.653] [main/INFO] [com.teampotato.redirector.Redirector/]: Redirecting net/minecraft/world/entity/animal/Fox$Type
[22May2026 17:04:45.654] [main/INFO] [com.teampotato.redirector.Redirector/]: Redirecting net/minecraft/world/entity/animal/MushroomCow$MushroomType
[22May2026 17:04:45.655] [main/INFO] [com.teampotato.redirector.Redirector/]: Redirecting net/minecraft/world/entity/animal/Rabbit$Variant
[22May2026 17:04:45.656] [main/INFO] [com.teampotato.redirector.Redirector/]: Redirecting net/minecraft/world/entity/animal/horse/Variant
[22May2026 17:04:45.657] [main/INFO] [com.teampotato.redirector.Redirector/]: Redirecting net/minecraft/world/entity/animal/horse/Llama$Variant
[22May2026 17:04:45.658] [main/INFO] [com.teampotato.redirector.Redirector/]: Redirecting net/minecraft/world/entity/animal/TropicalFish$Pattern
[22May2026 17:04:45.659] [main/INFO] [com.teampotato.redirector.Redirector/]: Redirecting net/minecraft/world/entity/animal/TropicalFish$Base
[22May2026 17:04:45.916] [main/INFO] [com.teampotato.redirector.Redirector/]: Redirecting net/minecraft/world/level/storage/PrimaryLevelData$SpecialWorldProperty
[22May2026 17:04:45.990] [main/INFO] [com.teampotato.redirector.Redirector/]: Redirecting net/minecraft/commands/CommandBuildContext$MissingTagAccessPolicy
[22May2026 17:04:46.151] [main/INFO] [com.teampotato.redirector.Redirector/]: Redirecting net/minecraft/network/chat/ClickEvent$Action
[22May2026 17:04:46.321] [main/INFO] [com.teampotato.redirector.Redirector/]: Redirecting it/hurts/sskirillss/relics/commands/RelicsCommand$CommandAction
[22May2026 17:04:46.326] [main/INFO] [com.teampotato.redirector.Redirector/]: Redirecting tictim/paraglider/command/ParagliderCommands$ResourceType
[22May2026 17:04:46.328] [main/INFO] [com.teampotato.redirector.Redirector/]: Redirecting tictim/paraglider/command/ParagliderCommands$SetType
[22May2026 17:04:46.369] [main/INFO] [com.teampotato.redirector.Redirector/]: Redirecting yesman/epicfight/server/commands/PlayerStaminaCommand$Operation
[22May2026 17:04:46.398] [main/INFO] [com.teampotato.redirector.Redirector/]: Redirecting infinituum/fastconfigapi/api/annotations/FastConfig$Side
[22May2026 17:04:46.407] [main/INFO] [com.teampotato.redirector.Redirector/]: Redirecting infinituum/fastconfigapi/api/annotations/Loader$Type
[22May2026 17:04:46.410] [main/INFO] [com.github.alexthe666.alexsmobs.AlexsMobs/]: Adding datapack listener capsid_recipes
[22May2026 17:04:46.589] [Worker-Main-3/INFO] [com.teampotato.redirector.Redirector/]: Redirecting net/minecraft/world/level/storage/loot/functions/CopyNbtFunction$MergeStrategy
[22May2026 17:04:47.248] [Worker-Main-1/INFO] [com.teampotato.redirector.Redirector/]: Redirecting net/minecraft/world/level/storage/loot/functions/CopyNameFunction$NameSource
[22May2026 17:04:47.286] [Worker-Main-3/ERROR] [net.minecraft.server.packs.resources.SimpleJsonResourceReloadListener/]: Couldn't parse data file illagerrevolutionmod:beast_tamer from illagerrevolutionmod:advancements/beast_tamer.json
com.google.gson.JsonParseException: java.io.EOFException: End of input at line 1 column 1 path $
	at net.minecraft.util.GsonHelper.m_13780_(GsonHelper.java:526) ~[server-1.20.1-20230612.114412-srg.jar%23405!/:?]
	at net.minecraft.util.GsonHelper.m_263475_(GsonHelper.java:531) ~[server-1.20.1-20230612.114412-srg.jar%23405!/:?]
	at net.minecraft.util.GsonHelper.m_13776_(GsonHelper.java:581) ~[server-1.20.1-20230612.114412-srg.jar%23405!/:?]
	at net.minecraft.server.packs.resources.SimpleJsonResourceReloadListener.m_278771_(SimpleJsonResourceReloadListener.java:41) ~[server-1.20.1-20230612.114412-srg.jar%23405!/:?]
	at net.minecraft.server.packs.resources.SimpleJsonResourceReloadListener.m_5944_(SimpleJsonResourceReloadListener.java:29) ~[server-1.20.1-20230612.114412-srg.jar%23405!/:?]
	at net.minecraft.server.packs.resources.SimpleJsonResourceReloadListener.m_5944_(SimpleJsonResourceReloadListener.java:17) ~[server-1.20.1-20230612.114412-srg.jar%23405!/:?]
	at net.minecraft.server.packs.resources.SimplePreparableReloadListener.m_10786_(SimplePreparableReloadListener.java:11) ~[server-1.20.1-20230612.114412-srg.jar%23405!/:?]
	at java.util.concurrent.CompletableFuture$AsyncSupply.run(CompletableFuture.java:1768) ~[?:?]
	at java.util.concurrent.CompletableFuture$AsyncSupply.exec(CompletableFuture.java:1760) ~[?:?]
	at java.util.concurrent.ForkJoinTask.doExec(ForkJoinTask.java:373) ~[?:?]
	at java.util.concurrent.ForkJoinPool$WorkQueue.topLevelExec(ForkJoinPool.java:1182) ~[?:?]
	at java.util.concurrent.ForkJoinPool.scan(ForkJoinPool.java:1655) ~[?:?]
	at java.util.concurrent.ForkJoinPool.runWorker(ForkJoinPool.java:1622) ~[?:?]
	at java.util.concurrent.ForkJoinWorkerThread.run(ForkJoinWorkerThread.java:165) ~[?:?]
Caused by: java.io.EOFException: End of input at line 1 column 1 path $
	at com.google.gson.stream.JsonReader.nextNonWhitespace(JsonReader.java:1455) ~[gson-2.10.jar%2372!/:?]
	at com.google.gson.stream.JsonReader.doPeek(JsonReader.java:558) ~[gson-2.10.jar%2372!/:?]
	at com.google.gson.stream.JsonReader.peek(JsonReader.java:433) ~[gson-2.10.jar%2372!/:?]
	at com.google.gson.internal.bind.TypeAdapters$28.read(TypeAdapters.java:769) ~[gson-2.10.jar%2372!/:?]
	at com.google.gson.internal.bind.TypeAdapters$28.read(TypeAdapters.java:725) ~[gson-2.10.jar%2372!/:?]
	at com.google.gson.internal.bind.TypeAdapters$34$1.read(TypeAdapters.java:1007) ~[gson-2.10.jar%2372!/:?]
	at net.minecraft.util.GsonHelper.m_13780_(GsonHelper.java:524) ~[server-1.20.1-20230612.114412-srg.jar%23405!/:?]
	... 13 more
[22May2026 17:04:47.323] [Worker-Main-2/INFO] [com.teampotato.redirector.Redirector/]: Redirecting net/p3pp3rf1y/sophisticatedbackpacks/backpack/BackpackShapeHelper$Part
[22May2026 17:04:47.325] [Worker-Main-2/INFO] [com.teampotato.redirector.Redirector/]: Redirecting net/p3pp3rf1y/sophisticatedbackpacks/backpack/BackpackShapes$PartModel
[22May2026 17:04:47.412] [Worker-Main-2/ERROR] [net.minecraft.server.packs.resources.SimpleJsonResourceReloadListener/]: Couldn't parse data file illagerrevolutionmod:beast_tamer from illagerrevolutionmod:advancements/beast_tamer.json
com.google.gson.JsonParseException: java.io.EOFException: End of input at line 1 column 1 path $
	at net.minecraft.util.GsonHelper.m_13780_(GsonHelper.java:526) ~[server-1.20.1-20230612.114412-srg.jar%23405!/:?]
	at net.minecraft.util.GsonHelper.m_263475_(GsonHelper.java:531) ~[server-1.20.1-20230612.114412-srg.jar%23405!/:?]
	at net.minecraft.util.GsonHelper.m_13776_(GsonHelper.java:581) ~[server-1.20.1-20230612.114412-srg.jar%23405!/:?]
	at net.minecraft.server.packs.resources.SimpleJsonResourceReloadListener.m_278771_(SimpleJsonResourceReloadListener.java:41) ~[server-1.20.1-20230612.114412-srg.jar%23405!/:?]
	at net.minecraft.server.packs.resources.SimpleJsonResourceReloadListener.m_5944_(SimpleJsonResourceReloadListener.java:29) ~[server-1.20.1-20230612.114412-srg.jar%23405!/:?]
	at net.minecraft.server.packs.resources.SimpleJsonResourceReloadListener.m_5944_(SimpleJsonResourceReloadListener.java:17) ~[server-1.20.1-20230612.114412-srg.jar%23405!/:?]
	at net.minecraft.server.packs.resources.SimplePreparableReloadListener.m_10786_(SimplePreparableReloadListener.java:11) ~[server-1.20.1-20230612.114412-srg.jar%23405!/:?]
	at java.util.concurrent.CompletableFuture$AsyncSupply.run(CompletableFuture.java:1768) ~[?:?]
	at java.util.concurrent.CompletableFuture$AsyncSupply.exec(CompletableFuture.java:1760) ~[?:?]
	at java.util.concurrent.ForkJoinTask.doExec(ForkJoinTask.java:373) ~[?:?]
	at java.util.concurrent.ForkJoinPool$WorkQueue.topLevelExec(ForkJoinPool.java:1182) ~[?:?]
	at java.util.concurrent.ForkJoinPool.scan(ForkJoinPool.java:1655) ~[?:?]
	at java.util.concurrent.ForkJoinPool.runWorker(ForkJoinPool.java:1622) ~[?:?]
	at java.util.concurrent.ForkJoinWorkerThread.run(ForkJoinWorkerThread.java:165) ~[?:?]
Caused by: java.io.EOFException: End of input at line 1 column 1 path $
	at com.google.gson.stream.JsonReader.nextNonWhitespace(JsonReader.java:1455) ~[gson-2.10.jar%2372!/:?]
	at com.google.gson.stream.JsonReader.doPeek(JsonReader.java:558) ~[gson-2.10.jar%2372!/:?]
	at com.google.gson.stream.JsonReader.peek(JsonReader.java:433) ~[gson-2.10.jar%2372!/:?]
	at com.google.gson.internal.bind.TypeAdapters$28.read(TypeAdapters.java:769) ~[gson-2.10.jar%2372!/:?]
	at com.google.gson.internal.bind.TypeAdapters$28.read(TypeAdapters.java:725) ~[gson-2.10.jar%2372!/:?]
	at com.google.gson.internal.bind.TypeAdapters$34$1.read(TypeAdapters.java:1007) ~[gson-2.10.jar%2372!/:?]
	at net.minecraft.util.GsonHelper.m_13780_(GsonHelper.java:524) ~[server-1.20.1-20230612.114412-srg.jar%23405!/:?]
	... 13 more
[22May2026 17:04:47.436] [Worker-Main-1/INFO] [com.teampotato.redirector.Redirector/]: Redirecting net/minecraft/world/level/saveddata/maps/MapDecoration$Type
[22May2026 17:04:47.930] [Worker-Main-1/INFO] [com.teampotato.redirector.Redirector/]: Redirecting artifacts/loot/ConfigValueChance$ChanceConfig
[22May2026 17:04:48.098] [Worker-Main-1/ERROR] [net.minecraftforge.common.ForgeHooks/]: Couldn't parse element loot_tables:simplyswords:grant_book_on_first_join
com.google.gson.JsonSyntaxException: Expected name to be an item, was unknown string 'patchouli:guide_book'
	at net.minecraft.util.GsonHelper.m_13866_(GsonHelper.java:145) ~[server-1.20.1-20230612.114412-srg.jar%23405!/:?]
	at java.util.Optional.orElseThrow(Optional.java:403) ~[?:?]
	at net.minecraft.util.GsonHelper.m_13874_(GsonHelper.java:145) ~[server-1.20.1-20230612.114412-srg.jar%23405!/:?]
	at net.minecraft.util.GsonHelper.m_13909_(GsonHelper.java:153) ~[server-1.20.1-20230612.114412-srg.jar%23405!/:?]
	at net.minecraft.world.level.storage.loot.entries.LootItem$Serializer.m_7267_(LootItem.java:55) ~[server-1.20.1-20230612.114412-srg.jar%23405!/:?]
	at net.minecraft.world.level.storage.loot.entries.LootItem$Serializer.m_7267_(LootItem.java:40) ~[server-1.20.1-20230612.114412-srg.jar%23405!/:?]
	at net.minecraft.world.level.storage.loot.entries.LootPoolSingletonContainer$Serializer.m_5921_(LootPoolSingletonContainer.java:151) ~[server-1.20.1-20230612.114412-srg.jar%23405!/:?]
	at net.minecraft.world.level.storage.loot.entries.LootPoolSingletonContainer$Serializer.m_5921_(LootPoolSingletonContainer.java:129) ~[server-1.20.1-20230612.114412-srg.jar%23405!/:?]
	at net.minecraft.world.level.storage.loot.entries.LootPoolEntryContainer$Serializer.m_7561_(LootPoolEntryContainer.java:86) ~[server-1.20.1-20230612.114412-srg.jar%23405!/:?]
	at net.minecraft.world.level.storage.loot.entries.LootPoolEntryContainer$Serializer.m_7561_(LootPoolEntryContainer.java:74) ~[server-1.20.1-20230612.114412-srg.jar%23405!/:?]
	at net.minecraft.world.level.storage.loot.GsonAdapterFactory$JsonAdapter.deserialize(GsonAdapterFactory.java:102) ~[server-1.20.1-20230612.114412-srg.jar%23405!/:?]
	at com.google.gson.internal.bind.TreeTypeAdapter.read(TreeTypeAdapter.java:76) ~[gson-2.10.jar%2372!/:?]
	at com.google.gson.internal.bind.TypeAdapterRuntimeTypeWrapper.read(TypeAdapterRuntimeTypeWrapper.java:40) ~[gson-2.10.jar%2372!/:?]
	at com.google.gson.internal.bind.ArrayTypeAdapter.read(ArrayTypeAdapter.java:72) ~[gson-2.10.jar%2372!/:?]
	at com.google.gson.Gson.fromJson(Gson.java:1214) ~[gson-2.10.jar%2372!/:?]
	at com.google.gson.Gson.fromJson(Gson.java:1319) ~[gson-2.10.jar%2372!/:?]
	at com.google.gson.Gson.fromJson(Gson.java:1290) ~[gson-2.10.jar%2372!/:?]
	at com.google.gson.internal.bind.TreeTypeAdapter$GsonContextImpl.deserialize(TreeTypeAdapter.java:179) ~[gson-2.10.jar%2372!/:?]
	at net.minecraft.util.GsonHelper.m_13808_(GsonHelper.java:463) ~[server-1.20.1-20230612.114412-srg.jar%23405!/:?]
	at net.minecraft.util.GsonHelper.m_13836_(GsonHelper.java:471) ~[server-1.20.1-20230612.114412-srg.jar%23405!/:?]
	at net.minecraft.world.level.storage.loot.LootPool$Serializer.deserialize(LootPool.java:192) ~[server-1.20.1-20230612.114412-srg.jar%23405!/:?]
	at net.minecraft.world.level.storage.loot.LootPool$Serializer.deserialize(LootPool.java:189) ~[server-1.20.1-20230612.114412-srg.jar%23405!/:?]
	at com.google.gson.internal.bind.TreeTypeAdapter.read(TreeTypeAdapter.java:76) ~[gson-2.10.jar%2372!/:?]
	at com.google.gson.internal.bind.TypeAdapterRuntimeTypeWrapper.read(TypeAdapterRuntimeTypeWrapper.java:40) ~[gson-2.10.jar%2372!/:?]
	at com.google.gson.internal.bind.ArrayTypeAdapter.read(ArrayTypeAdapter.java:72) ~[gson-2.10.jar%2372!/:?]
	at com.google.gson.Gson.fromJson(Gson.java:1214) ~[gson-2.10.jar%2372!/:?]
	at com.google.gson.Gson.fromJson(Gson.java:1319) ~[gson-2.10.jar%2372!/:?]
	at com.google.gson.Gson.fromJson(Gson.java:1290) ~[gson-2.10.jar%2372!/:?]
	at com.google.gson.internal.bind.TreeTypeAdapter$GsonContextImpl.deserialize(TreeTypeAdapter.java:179) ~[gson-2.10.jar%2372!/:?]
	at net.minecraft.util.GsonHelper.m_13808_(GsonHelper.java:463) ~[server-1.20.1-20230612.114412-srg.jar%23405!/:?]
	at net.minecraft.util.GsonHelper.m_13845_(GsonHelper.java:481) ~[server-1.20.1-20230612.114412-srg.jar%23405!/:?]
	at net.minecraft.world.level.storage.loot.LootTable$Serializer.deserialize(LootTable.java:294) ~[server-1.20.1-20230612.114412-srg.jar%23405!/:?]
	at net.minecraft.world.level.storage.loot.LootTable$Serializer.deserialize(LootTable.java:291) ~[server-1.20.1-20230612.114412-srg.jar%23405!/:?]
	at com.google.gson.internal.bind.TreeTypeAdapter.read(TreeTypeAdapter.java:76) ~[gson-2.10.jar%2372!/:?]
	at com.google.gson.Gson.fromJson(Gson.java:1214) ~[gson-2.10.jar%2372!/:?]
	at com.google.gson.Gson.fromJson(Gson.java:1319) ~[gson-2.10.jar%2372!/:?]
	at com.google.gson.Gson.fromJson(Gson.java:1261) ~[gson-2.10.jar%2372!/:?]
	at net.minecraftforge.common.ForgeHooks.loadLootTable(ForgeHooks.java:872) ~[forge-1.20.1-47.4.20-universal.jar%23410!/:?]
	at net.minecraftforge.common.ForgeHooks.lambda$getLootTableDeserializer$3(ForgeHooks.java:849) ~[forge-1.20.1-47.4.20-universal.jar%23410!/:?]
	at net.minecraft.world.level.storage.loot.LootDataType.deserialize(LootDataType.java:45) ~[server-1.20.1-20230612.114412-srg.jar%23405!/:?]
	at net.minecraft.world.level.storage.loot.LootDataManager.lambda$scheduleElementParse$4(LootDataManager.java:56) ~[server-1.20.1-20230612.114412-srg.jar%23405!/:?]
	at java.util.HashMap.forEach(HashMap.java:1421) ~[?:?]
	at net.minecraft.world.level.storage.loot.LootDataManager.m_278660_(LootDataManager.java:55) ~[server-1.20.1-20230612.114412-srg.jar%23405!/:?]
	at java.util.concurrent.CompletableFuture$AsyncRun.run(CompletableFuture.java:1804) ~[?:?]
	at java.util.concurrent.CompletableFuture$AsyncRun.exec(CompletableFuture.java:1796) ~[?:?]
	at java.util.concurrent.ForkJoinTask.doExec(ForkJoinTask.java:373) ~[?:?]
	at java.util.concurrent.ForkJoinPool$WorkQueue.topLevelExec(ForkJoinPool.java:1182) ~[?:?]
	at java.util.concurrent.ForkJoinPool.scan(ForkJoinPool.java:1655) ~[?:?]
	at java.util.concurrent.ForkJoinPool.runWorker(ForkJoinPool.java:1622) ~[?:?]
	at java.util.concurrent.ForkJoinWorkerThread.run(ForkJoinWorkerThread.java:165) ~[?:?]
[22May2026 17:04:48.197] [Worker-Main-1/INFO] [com.teampotato.redirector.Redirector/]: Redirecting org/primal/entity/animal/SnakeEntity$Variant
[22May2026 17:04:52.679] [main/INFO] [net.minecraft.world.item.crafting.RecipeManager/]: Skipping loading recipe supplementaries:inspirations/blackboard_clear as it's serializer returned null
[22May2026 17:04:52.702] [main/ERROR] [net.minecraft.world.item.crafting.RecipeManager/]: Parsing error loading recipe illagerrevolutionmod:raker_armor_diamond: com.google.gson.JsonSyntaxException: Invalid or unsupported recipe type 'minecraft:smithing'
[22May2026 17:04:52.703] [main/ERROR] [net.minecraft.world.item.crafting.RecipeManager/]: Parsing error loading recipe abyssal_corrupter:abyssal_summoning_altar: com.google.gson.JsonSyntaxException: Missing item, expected to find a string
[22May2026 17:04:52.713] [main/INFO] [net.minecraft.world.item.crafting.RecipeManager/]: Skipping loading recipe supplementaries:inspirations/flag_dye as it's serializer returned null
[22May2026 17:04:52.750] [main/INFO] [net.minecraft.world.item.crafting.RecipeManager/]: Skipping loading recipe supplementaries:inspirations/flag_clear as it's serializer returned null
[22May2026 17:04:52.763] [main/ERROR] [net.minecraft.world.item.crafting.RecipeManager/]: Parsing error loading recipe illagerrevolutionmod:raker_armor_gold: com.google.gson.JsonSyntaxException: Invalid or unsupported recipe type 'minecraft:smithing'
[22May2026 17:04:52.788] [main/INFO] [net.minecraft.world.item.crafting.RecipeManager/]: Loaded 10 recipes
[22May2026 17:04:52.797] [main/INFO] [com.teampotato.redirector.Redirector/]: Redirecting net/minecraft/advancements/FrameType
[22May2026 17:04:52.826] [main/ERROR] [net.minecraft.server.ServerAdvancementManager/]: Parsing error loading custom advancement abyssal_corrupter:defeat_abyssal_corrupter: Unsupported icon type, currently only items are supported (add 'item' key)
[22May2026 17:04:52.833] [main/ERROR] [net.minecraft.server.ServerAdvancementManager/]: Parsing error loading custom advancement inhabitants:combat/david_and_goliath: Expected item to be an item, was unknown string 'inhabitants:dead_bogre_icon'
[22May2026 17:04:52.837] [main/ERROR] [net.minecraft.server.ServerAdvancementManager/]: Parsing error loading custom advancement abyssal_corrupter:recipes/decorations/abyssal_summoning_altar: Expected items to be a JsonArray, was "min...an"
[22May2026 17:04:52.846] [main/ERROR] [net.minecraft.server.ServerAdvancementManager/]: Parsing error loading custom advancement supplementaries:recipes/planter_rich: Unknown item id 'farmersdelight:rich_soil'
[22May2026 17:04:52.851] [main/ERROR] [net.minecraft.server.ServerAdvancementManager/]: Parsing error loading custom advancement recased:open_lootcase_ui: Expected item to be an item, was unknown string 'recased:special_loot_case'
[22May2026 17:04:52.866] [main/ERROR] [net.minecraft.server.ServerAdvancementManager/]: Parsing error loading custom advancement legendary_monsters:defeat_ambusher: Expected item to be an item, was unknown string 'legendary_monsters:ancient_dripstone_shard'
[22May2026 17:04:52.878] [main/INFO] [quark/]: [Automatic Recipe Unlock] Removed 2025 recipe advancements
[22May2026 17:04:52.890] [main/INFO] [net.minecraft.advancements.AdvancementList/]: Loaded 688 advancements
[22May2026 17:04:52.897] [main/INFO] [placebo/]: Registered 0 additional recipes.
[22May2026 17:04:52.918] [main/INFO] [com.teampotato.redirector.Redirector/]: Redirecting yesman/epicfight/api/utils/AttackResult$ResultType
[22May2026 17:04:52.926] [main/INFO] [com.teampotato.redirector.Redirector/]: Redirecting yesman/epicfight/api/asset/JsonAssetLoader$TransformFormat
[22May2026 17:04:54.514] [main/INFO] [com.teampotato.redirector.Redirector/]: Redirecting yesman/epicfight/api/utils/HitEntityList$Priority
[22May2026 17:05:02.572] [main/INFO] [com.jeremyseq.inhabitants.Inhabitants/]: Loaded Bogre recipes :D
[22May2026 17:05:02.577] [main/INFO] [com.teampotato.redirector.Redirector/]: Redirecting com/moandjiezana/toml/Identifier$Type
[22May2026 17:05:02.591] [main/INFO] [Fast Config API/]: Config 'compatible-containers-common.toml' was successfully loaded
[22May2026 17:05:02.604] [main/INFO] [com.teampotato.redirector.Redirector/]: Redirecting com/telepathicgrunt/repurposedstructures/misc/maptrades/WanderingTraderMapObj$TRADE_TYPE
[22May2026 17:05:02.614] [main/INFO] [top.theillusivec4.curios.Curios/]: Loaded 15 curio slots
[22May2026 17:05:02.617] [main/ERROR] [top.theillusivec4.curios.Curios/]: talisman is not a registered slot type!
[22May2026 17:05:02.618] [main/INFO] [top.theillusivec4.curios.Curios/]: Loaded 12 curio entities
[22May2026 17:05:02.645] [main/WARN] [net.minecraftforge.common.loot.LootModifierManager/]: Could not decode GlobalLootModifier with json id illagerrevolutionmod:pillager_boots_loot - error: No key item in MapLike[{"type":"illagerrevolutionmod:add_item","conditions":[{"condition":"forge:loot_table_id","loot_table_id":"minecraft:chests/woodland_mansion"}],"addition":"illagerrevolutionmod:pillager_boots_armor"}]
[22May2026 17:05:02.645] [main/WARN] [net.minecraftforge.common.loot.LootModifierManager/]: Could not decode GlobalLootModifier with json id illagerrevolutionmod:pillager_pants_loot - error: No key item in MapLike[{"type":"illagerrevolutionmod:add_item","conditions":[{"condition":"forge:loot_table_id","loot_table_id":"minecraft:chests/woodland_mansion"}],"addition":"illagerrevolutionmod:pillager_leggins_armor"}]
[22May2026 17:05:02.646] [main/WARN] [net.minecraftforge.common.loot.LootModifierManager/]: Could not decode GlobalLootModifier with json id illagerrevolutionmod:pillager_vest_loot - error: No key item in MapLike[{"type":"illagerrevolutionmod:add_item","conditions":[{"condition":"forge:loot_table_id","loot_table_id":"minecraft:chests/woodland_mansion"}],"addition":"illagerrevolutionmod:pillager_vest_armor"}]
[22May2026 17:05:02.646] [main/WARN] [net.minecraftforge.common.loot.LootModifierManager/]: Could not decode GlobalLootModifier with json id illagerrevolutionmod:vindicator_pants_loot - error: Unknown registry key in ResourceKey[minecraft:root / minecraft:item]: illagerrevolutionmod:vindicator_pants_armor
[22May2026 17:05:02.649] [main/INFO] [Dungeon Now Loading/]: Loaded 11 spawn pools.
[22May2026 17:05:02.652] [main/INFO] [Dungeon Now Loading/]: Loaded 23 spawn nodes.
[22May2026 17:05:02.690] [main/INFO] [com.cupboard.Cupboard/]: Loaded config for: brutalbosses.json
[22May2026 17:05:02.695] [main/ERROR] [com.brutalbosses.BrutalBosses/]: Bad attribute id:minecraft:generic.jump_strength in:brutalbosses:rabbitboss
[22May2026 17:05:02.696] [main/INFO] [com.brutalbosses.BrutalBosses/]: Loaded boss variant for: minecraft:drowned
[22May2026 17:05:02.696] [main/INFO] [com.brutalbosses.BrutalBosses/]: Loaded boss variant for: minecraft:iron_golem
[22May2026 17:05:02.696] [main/INFO] [com.brutalbosses.BrutalBosses/]: Loaded boss variant for: minecraft:snow_golem
[22May2026 17:05:02.696] [main/INFO] [com.brutalbosses.BrutalBosses/]: Loaded boss variant for: minecraft:zombie
[22May2026 17:05:02.696] [main/INFO] [com.brutalbosses.BrutalBosses/]: Loaded boss variant for: minecraft:skeleton
[22May2026 17:05:02.696] [main/INFO] [com.brutalbosses.BrutalBosses/]: Loaded boss variant for: minecraft:pillager
[22May2026 17:05:02.696] [main/INFO] [com.brutalbosses.BrutalBosses/]: Loaded boss variant for: minecraft:vex
[22May2026 17:05:02.697] [main/INFO] [com.brutalbosses.BrutalBosses/]: Loaded boss variant for: minecraft:evoker
[22May2026 17:05:02.697] [main/INFO] [com.brutalbosses.BrutalBosses/]: Loaded boss variant for: minecraft:zombie
[22May2026 17:05:02.697] [main/INFO] [com.brutalbosses.BrutalBosses/]: Loaded boss variant for: minecraft:vindicator
[22May2026 17:05:02.697] [main/INFO] [com.brutalbosses.BrutalBosses/]: Loaded boss variant for: minecraft:wither_skeleton
[22May2026 17:05:02.698] [main/INFO] [com.brutalbosses.BrutalBosses/]: Loaded boss variant for: minecraft:wither_skeleton
[22May2026 17:05:02.698] [main/INFO] [com.brutalbosses.BrutalBosses/]: Loaded boss variant for: minecraft:cave_spider
[22May2026 17:05:02.698] [main/INFO] [com.brutalbosses.BrutalBosses/]: Loaded boss variant for: minecraft:zombie
[22May2026 17:05:02.698] [main/INFO] [com.brutalbosses.BrutalBosses/]: Loaded boss variant for: minecraft:husk
[22May2026 17:05:02.698] [main/INFO] [com.brutalbosses.BrutalBosses/]: Loaded boss variant for: minecraft:evoker
[22May2026 17:05:02.698] [main/INFO] [com.brutalbosses.BrutalBosses/]: Loaded boss variant for: minecraft:wandering_trader
[22May2026 17:05:02.698] [main/INFO] [com.brutalbosses.BrutalBosses/]: Loaded boss variant for: minecraft:guardian
[22May2026 17:05:02.698] [main/INFO] [com.brutalbosses.BrutalBosses/]: Loaded boss variant for: minecraft:vindicator
[22May2026 17:05:02.698] [main/INFO] [com.brutalbosses.BrutalBosses/]: Loaded boss variant for: minecraft:shulker
[22May2026 17:05:02.698] [main/INFO] [com.brutalbosses.BrutalBosses/]: Loaded boss variant for: minecraft:zoglin
[22May2026 17:05:02.698] [main/INFO] [com.brutalbosses.BrutalBosses/]: Loaded boss variant for: minecraft:chicken
[22May2026 17:05:02.698] [main/INFO] [com.brutalbosses.BrutalBosses/]: Loaded boss variant for: minecraft:blaze
[22May2026 17:05:02.698] [main/INFO] [com.brutalbosses.BrutalBosses/]: Loaded boss variant for: minecraft:witch
[22May2026 17:05:02.698] [main/INFO] [com.brutalbosses.BrutalBosses/]: Loaded boss variant for: minecraft:phantom
[22May2026 17:05:02.698] [main/INFO] [com.brutalbosses.BrutalBosses/]: Loaded boss variant for: minecraft:mooshroom
[22May2026 17:05:02.698] [main/INFO] [com.brutalbosses.BrutalBosses/]: Loaded boss variant for: minecraft:rabbit
[22May2026 17:05:02.698] [main/INFO] [com.brutalbosses.BrutalBosses/]: Loaded boss variant for: minecraft:piglin_brute
[22May2026 17:05:02.699] [main/INFO] [com.brutalbosses.BrutalBosses/]: Loaded boss variant for: minecraft:ghast
[22May2026 17:05:02.699] [main/INFO] [com.brutalbosses.BrutalBosses/]: Loaded boss variant for: minecraft:stray
[22May2026 17:05:02.703] [main/INFO] [quark-zeta/]: Modified advancement minecraft:husbandry/wax_on with 2 patches
[22May2026 17:05:02.703] [main/INFO] [quark-zeta/]: Modified advancement minecraft:adventure/kill_a_mob with 3 patches
[22May2026 17:05:02.703] [main/INFO] [quark-zeta/]: Modified advancement minecraft:husbandry/bred_all_animals with 3 patches
[22May2026 17:05:02.704] [main/INFO] [quark-zeta/]: Modified advancement minecraft:adventure/kill_all_mobs with 3 patches
[22May2026 17:05:02.704] [main/INFO] [quark-zeta/]: Modified advancement minecraft:husbandry/balanced_diet with 3 patches
[22May2026 17:05:02.704] [main/INFO] [quark-zeta/]: Modified advancement minecraft:husbandry/plant_seed with 1 patches
[22May2026 17:05:02.704] [main/INFO] [quark-zeta/]: Modified advancement minecraft:nether/all_effects with 2 patches
[22May2026 17:05:02.705] [main/INFO] [quark-zeta/]: Modified advancement minecraft:husbandry/wax_off with 2 patches
[22May2026 17:05:02.705] [main/INFO] [quark-zeta/]: Modified advancement minecraft:adventure/adventuring_time with 1 patches
[22May2026 17:05:02.705] [main/INFO] [quark-zeta/]: Modified advancement minecraft:nether/all_potions with 1 patches
[22May2026 17:05:02.708] [main/WARN] [epicfight/]: Skill cdmoveset:fatalslash doesn't exist in the registry.
[22May2026 17:05:02.708] [main/WARN] [epicfight/]: Skill cdmoveset:sstep doesn't exist in the registry.
[22May2026 17:05:02.718] [main/INFO] [com.teampotato.redirector.Redirector/]: Redirecting yesman/epicfight/world/entity/eventlistener/ComboCounterHandleEvent$Causal
[22May2026 17:05:02.720] [main/INFO] [com.teampotato.redirector.Redirector/]: Redirecting yesman/epicfight/world/capabilities/item/CapabilityItem$ZoomInType
[22May2026 17:05:02.721] [main/WARN] [epicfight/]: Can't find a particle type epicfight:entity.hit.blunt in effs:sparksofblack
[22May2026 17:05:02.729] [main/WARN] [epicfight/]: Item Capability Exception: No item named cataclysm:khopesh
[22May2026 17:05:02.731] [main/WARN] [epicfight/]: Item Capability Exception: No item named magistuarmory:bronze_lochaberaxe
[22May2026 17:05:02.732] [main/WARN] [epicfight/]: Can't find an animation named wom:biped/skill/ruine_counterattack in epicfight:shulkermimic
[22May2026 17:05:02.732] [main/WARN] [epicfight/]: Can't find an animation named refm:biped/combat/rapier_dash_ender in epicfight:shulkermimic
[22May2026 17:05:02.732] [main/WARN] [epicfight/]: Item Capability Exception: No item named cataclysm:void_forge
[22May2026 17:05:02.732] [main/WARN] [epicfight/]: Item Capability Exception: No item named aquamirae:sweet_lance
[22May2026 17:05:02.733] [main/WARN] [epicfight/]: Can't find a particle type epicfight:entity.hit.blunt in effs:slipper
[22May2026 17:05:02.733] [main/WARN] [epicfight/]: No animation named epicfight:biped/combat/javelin_aim_mid
[22May2026 17:05:02.733] [main/WARN] [epicfight/]: No animation named wom:biped/skill/ruine_block
[22May2026 17:05:02.733] [main/WARN] [epicfight/]: Item Capability Exception: No item named cataclysm:athame
[22May2026 17:05:02.734] [main/WARN] [epicfight/]: Item Capability Exception: No item named cataclysm:laser_gatling
[22May2026 17:05:02.734] [main/WARN] [epicfight/]: Item Capability Exception: No item named aquamirae:whisper_of_the_abyss
[22May2026 17:05:02.734] [main/WARN] [epicfight/]: Item Capability Exception: No item named magistuarmory:copper_lochaberaxe
[22May2026 17:05:02.735] [main/WARN] [epicfight/]: Item Capability Exception: No item named magistuarmory:silver_lochaberaxe
[22May2026 17:05:02.736] [main/WARN] [epicfight/]: Item Capability Exception: No item named aquamirae:coral_lance
[22May2026 17:05:02.738] [main/WARN] [epicfight/]: Item Capability Exception: No item named dungeons_gear:glaive
[22May2026 17:05:02.738] [main/WARN] [epicfight/]: Item Capability Exception: No item named magistuarmory:steel_lochaberaxe
[22May2026 17:05:02.738] [main/WARN] [epicfight/]: Can't find an animation named refm:biped/combat/rapier_dash_ender in epicfight:endersent
[22May2026 17:05:02.739] [main/WARN] [epicfight/]: Can't find an animation named refm:biped/combat/rapier_dash_ender in epicfight:endersent
[22May2026 17:05:02.739] [main/WARN] [epicfight/]: Error while deserializing datapack for legendary_monsters:sand_cannon: Enum name ranged does not exist in weapon_category
[22May2026 17:05:02.739] [main/WARN] [epicfight/]: Item Capability Exception: No item named dungeons_gear:venom_glaive
[22May2026 17:05:02.739] [main/WARN] [epicfight/]: Item Capability Exception: No item named aquamirae:terrible_sword
[22May2026 17:05:02.739] [main/WARN] [epicfight/]: Item Capability Exception: No item named magistuarmory:tin_lochaberaxe
[22May2026 17:05:02.740] [main/WARN] [epicfight/]: Item Capability Exception: No item named cataclysm:infernal_forge
[22May2026 17:05:02.740] [main/WARN] [epicfight/]: Item Capability Exception: No item named cataclysm:gauntlet_of_guard
[22May2026 17:05:02.741] [main/WARN] [epicfight/]: Item Capability Exception: No item named eeeabsmobs:guardian_axe
[22May2026 17:05:02.741] [main/WARN] [epicfight/]: Item Capability Exception: No item named magistuarmory:gold_lochaberaxe
[22May2026 17:05:02.742] [main/WARN] [epicfight/]: Item Capability Exception: No item named cataclysm:bulwark_of_the_flame
[22May2026 17:05:02.742] [main/WARN] [epicfight/]: Item Capability Exception: No item named magistuarmory:iron_lochaberaxe
[22May2026 17:05:02.743] [main/WARN] [epicfight/]: Item Capability Exception: No item named cdmoveset:t_yamato
[22May2026 17:05:02.745] [main/WARN] [epicfight/]: Error while deserializing datapack for legendary_monsters:chorus_cannon: Enum name ranged does not exist in weapon_category
[22May2026 17:05:02.746] [main/WARN] [epicfight/]: Item Capability Exception: No item named cataclysm:meat_shredder
[22May2026 17:05:02.746] [main/WARN] [epicfight/]: Item Capability Exception: No item named cataclysm:gauntlet_of_bulwark
[22May2026 17:05:02.746] [main/WARN] [epicfight/]: Item Capability Exception: No item named magistuarmory:stone_lochaberaxe
[22May2026 17:05:02.746] [main/WARN] [epicfight/]: Item Capability Exception: No item named aquamirae:fin_cutter
[22May2026 17:05:02.746] [main/WARN] [epicfight/]: Item Capability Exception: No item named aquamirae:divider
[22May2026 17:05:02.746] [main/WARN] [epicfight/]: Can't find a particle type epicfight:entity.hit.blunt in invincible:custom_combo_demo
[22May2026 17:05:02.751] [main/WARN] [epicfight/]: Can't find an animation named refm:biped/skill/rapier_backflip_second_ocean in epicfight:frostbitten_golem
[22May2026 17:05:02.751] [main/WARN] [epicfight/]: Item Capability Exception: No item named magistuarmory:wood_lochaberaxe
[22May2026 17:05:02.752] [main/WARN] [epicfight/]: Item Capability Exception: No item named cataclysm:void_assault_shoulder_weapon
[22May2026 17:05:02.753] [main/WARN] [epicfight/]: Item Capability Exception: No item named aquamirae:dagger_of_greed
[22May2026 17:05:02.753] [main/WARN] [epicfight/]: Item Capability Exception: No item named aquamirae:poisoned_blade
[22May2026 17:05:02.753] [main/WARN] [epicfight/]: Item Capability Exception: No item named aquamirae:remnants_saber
[22May2026 17:05:02.753] [main/WARN] [epicfight/]: Item Capability Exception: No item named cataclysm:the_incinerator
[22May2026 17:05:02.753] [main/WARN] [epicfight/]: Can't find a particle type epicfight:entity.hit.blunt in effs:hand_combat
[22May2026 17:05:02.754] [main/WARN] [epicfight/]: Item Capability Exception: No item named cataclysm:wither_assault_shoulder_weapon
[22May2026 17:05:02.755] [main/WARN] [epicfight/]: Item Capability Exception: No item named cataclysm:coral_bardiche
[22May2026 17:05:02.756] [main/WARN] [epicfight/]: Item Capability Exception: No item named magistuarmory:diamond_lochaberaxe
[22May2026 17:05:02.756] [main/WARN] [epicfight/]: Item Capability Exception: No item named cataclysm:coral_spear
[22May2026 17:05:02.757] [main/WARN] [epicfight/]: Item Capability Exception: No item named dungeons_gear:grave_bane
[22May2026 17:05:02.758] [main/WARN] [epicfight/]: epicfight:blood is not a hit particle type in epicfight:posessed_paladin
[22May2026 17:05:02.759] [main/WARN] [epicfight/]: Item Capability Exception: No item named eeeabsmobs:immortal_staff
[22May2026 17:05:02.760] [main/WARN] [epicfight/]: Item Capability Exception: No item named magistuarmory:netherite_lochaberaxe
[22May2026 17:05:02.831] [main/INFO] [Supplementaries/]: Loaded 27 flute songs
[22May2026 17:05:02.838] [main/INFO] [com.teampotato.redirector.Redirector/]: Redirecting net/mehvahdjukaar/supplementaries/common/misc/mob_container/BuiltinAnimation$Type
[22May2026 17:05:02.840] [main/INFO] [com.teampotato.redirector.Redirector/]: Redirecting net/mehvahdjukaar/supplementaries/common/misc/mob_container/DataDefinedCatchableMob$TickMode
[22May2026 17:05:02.853] [main/INFO] [placebo/]: Registered 4 gear_sets.
[22May2026 17:05:02.877] [main/INFO] [Gateways to Eternity/]: Registered 7 gateways.
[22May2026 17:05:02.890] [main/WARN] [net.minecraftforge.registries.NamespacedWrapper/]: Not all defined tags for registry ResourceKey[minecraft:root / minecraft:block] are present in data pack: c:bookshelves, 
	c:chests, 
	c:glass_blocks, 
	c:glass_panes, 
	c:quartz_ores, 
	minecraft:cauldons
[22May2026 17:05:02.973] [main/INFO] [com.teampotato.redirector.Redirector/]: Redirecting net/minecraftforge/event/TagsUpdatedEvent$UpdateCause
[22May2026 17:05:02.996] [main/INFO] [Moonlight/]: Applied 18 data villager trades
[22May2026 17:05:03.037] [main/INFO] [com.teampotato.redirector.Redirector/]: Redirecting glitchcore/event/TagsUpdatedEvent$UpdateCause
[22May2026 17:05:03.039] [main/INFO] [Supplementaries/]: Finished additional setup in 0 ms
[22May2026 17:05:03.087] [main/WARN] [ModernFix/]: Initial datapack load took 19.90 s
[22May2026 17:05:03.294] [Server thread/INFO] [net.minecraft.server.dedicated.DedicatedServer/]: Starting minecraft server version 1.20.1
[22May2026 17:05:03.295] [Server thread/INFO] [net.minecraft.server.dedicated.DedicatedServer/]: Loading properties
[22May2026 17:05:03.295] [Server thread/INFO] [net.minecraft.server.dedicated.DedicatedServer/]: Default game type: SURVIVAL
[22May2026 17:05:03.295] [Server thread/INFO] [net.minecraft.server.MinecraftServer/]: Generating keypair
[22May2026 17:05:03.576] [Server thread/INFO] [net.minecraft.server.dedicated.DedicatedServer/]: Starting Minecraft server on *:25565
[22May2026 17:05:03.626] [Server thread/INFO] [net.minecraft.server.network.ServerConnectionListener/]: Using epoll channel type
[22May2026 17:05:03.743] [Server thread/WARN] [net.minecraft.server.dedicated.DedicatedServer/]: **** SERVER IS RUNNING IN OFFLINE/INSECURE MODE!
[22May2026 17:05:03.744] [Server thread/WARN] [net.minecraft.server.dedicated.DedicatedServer/]: The server will make no attempt to authenticate usernames. Beware.
[22May2026 17:05:03.744] [Server thread/WARN] [net.minecraft.server.dedicated.DedicatedServer/]: While this makes the game possible to play without internet access, it also opens up the ability for hackers to connect with any username they choose.
[22May2026 17:05:03.744] [Server thread/WARN] [net.minecraft.server.dedicated.DedicatedServer/]: To change this, set "online-mode" to "true" in the server.properties file.
[22May2026 17:05:03.761] [Server thread/INFO] [Puzzles Lib/]: Loading server config for easyanvils
[22May2026 17:05:03.774] [Server thread/INFO] [Puzzles Lib/]: Loading server config for tradingpost
[22May2026 17:05:03.775] [Server thread/INFO] [Puzzles Lib/]: Loading server config for puzzlesapi
[22May2026 17:05:03.779] [Server thread/INFO] [Puzzles Lib/]: Loading server config for mutantmonsters
[22May2026 17:05:03.780] [Server thread/INFO] [Puzzles Lib/]: Loading server config for easymagic
[22May2026 17:05:04.128] [Server thread/INFO] [com.teampotato.redirector.Redirector/]: Redirecting net/minecraftforge/common/world/StructureModifier$Phase
[22May2026 17:05:04.199] [Server thread/INFO] [me.kall.duplicationless.data.EntityTracker/]: Duplicationless Entity Tracker has initialized successfully.
[22May2026 17:05:04.264] [Server thread/INFO] [zeta/]: Server starting, accepting filewatcher changes for zeta's config
[22May2026 17:05:04.264] [Server thread/INFO] [quark-zeta/]: Server starting, accepting filewatcher changes for quark's config
[22May2026 17:05:04.316] [Server thread/INFO] [com.teampotato.redirector.Redirector/]: Redirecting terrablender/worldgen/noise/ZoomLayer
[22May2026 17:05:04.319] [Server thread/INFO] [terrablender/]: Initialized TerraBlender biomes for level stem minecraft:the_nether
[22May2026 17:05:04.634] [Netty Epoll Server IO #1/INFO] [com.teampotato.redirector.Redirector/]: Redirecting net/minecraft/network/protocol/PacketFlow
[22May2026 17:05:04.659] [Netty Epoll Server IO #1/INFO] [com.teampotato.redirector.Redirector/]: Redirecting net/minecraft/network/ConnectionProtocol
[22May2026 17:05:04.679] [Netty Epoll Server IO #1/INFO] [com.teampotato.redirector.Redirector/]: Redirecting net/minecraft/network/protocol/game/ClientboundBossEventPacket$OperationType
[22May2026 17:05:04.688] [Netty Epoll Server IO #1/INFO] [com.teampotato.redirector.Redirector/]: Redirecting net/minecraft/network/protocol/game/ClientboundCustomChatCompletionsPacket$Action
[22May2026 17:05:04.733] [Netty Epoll Server IO #1/INFO] [com.teampotato.redirector.Redirector/]: Redirecting net/minecraft/network/protocol/game/ClientboundRecipePacket$State
[22May2026 17:05:04.758] [Netty Epoll Server IO #1/INFO] [com.teampotato.redirector.Redirector/]: Redirecting net/minecraft/server/ServerScoreboard$Method
[22May2026 17:05:04.778] [Netty Epoll Server IO #1/INFO] [com.teampotato.redirector.Redirector/]: Redirecting net/minecraft/network/protocol/game/ServerboundClientCommandPacket$Action
[22May2026 17:05:04.780] [Netty Epoll Server IO #1/INFO] [com.teampotato.redirector.Redirector/]: Redirecting net/minecraft/world/entity/player/ChatVisiblity
[22May2026 17:05:04.782] [Netty Epoll Server IO #1/INFO] [com.teampotato.redirector.Redirector/]: Redirecting net/minecraft/world/inventory/ClickType
[22May2026 17:05:04.785] [Netty Epoll Server IO #1/INFO] [com.teampotato.redirector.Redirector/]: Redirecting net/minecraft/network/protocol/game/ServerboundInteractPacket$ActionType
[22May2026 17:05:04.792] [Netty Epoll Server IO #1/INFO] [com.teampotato.redirector.Redirector/]: Redirecting net/minecraft/network/protocol/game/ServerboundPlayerActionPacket$Action
[22May2026 17:05:04.794] [Netty Epoll Server IO #1/INFO] [com.teampotato.redirector.Redirector/]: Redirecting net/minecraft/network/protocol/game/ServerboundPlayerCommandPacket$Action
[22May2026 17:05:04.796] [Netty Epoll Server IO #1/INFO] [com.teampotato.redirector.Redirector/]: Redirecting net/minecraft/world/inventory/RecipeBookType
[22May2026 17:05:04.798] [Netty Epoll Server IO #1/INFO] [com.teampotato.redirector.Redirector/]: Redirecting net/minecraft/network/protocol/game/ServerboundResourcePackPacket$Action
[22May2026 17:05:04.800] [Netty Epoll Server IO #1/INFO] [com.teampotato.redirector.Redirector/]: Redirecting net/minecraft/network/protocol/game/ServerboundSeenAdvancementsPacket$Action
[22May2026 17:05:04.804] [Netty Epoll Server IO #1/INFO] [com.teampotato.redirector.Redirector/]: Redirecting net/minecraft/world/level/block/entity/CommandBlockEntity$Mode
[22May2026 17:05:04.807] [Netty Epoll Server IO #1/INFO] [com.teampotato.redirector.Redirector/]: Redirecting net/minecraft/world/level/block/entity/StructureBlockEntity$UpdateType
[22May2026 17:05:04.845] [Netty Epoll Server IO #1/INFO] [net.minecraftforge.server.ServerLifecycleHooks/SERVERHOOKS]: Disconnecting Player (server is still starting): literal{Server is still starting! Please wait before reconnecting.}
[22May2026 17:05:04.862] [Server thread/INFO] [terrablender/]: Initialized TerraBlender biomes for level stem minecraft:overworld
[22May2026 17:05:04.863] [Server thread/INFO] [net.minecraft.server.dedicated.DedicatedServer/]: Preparing level "world"
[22May2026 17:05:04.863] [Server thread/INFO] [com.teampotato.redirector.Redirector/]: Redirecting dev/worldgen/lithostitched/worldgen/modifier/Modifier$ModifierPhase
[22May2026 17:05:04.873] [Server thread/INFO] [com.teampotato.redirector.Redirector/]: Redirecting net/minecraft/util/ModCheck$Confidence
[22May2026 17:05:04.896] [Server thread/INFO] [com.teampotato.redirector.Redirector/]: Redirecting net/minecraft/world/entity/ai/village/VillageSiege$State
[22May2026 17:05:04.936] [Server thread/INFO] [com.teampotato.redirector.Redirector/]: Redirecting net/minecraft/world/ticks/TickPriority
[22May2026 17:05:04.951] [Server thread/INFO] [com.teampotato.redirector.Redirector/]: Redirecting net/minecraft/world/level/chunk/storage/IOWorker$Priority
[22May2026 17:05:04.961] [Server thread/INFO] [com.teampotato.redirector.Redirector/]: Redirecting net/minecraft/world/level/entity/Visibility
[22May2026 17:05:04.962] [Server thread/INFO] [com.teampotato.redirector.Redirector/]: Redirecting net/minecraft/world/level/entity/PersistentEntitySectionManager$ChunkLoadStatus
[22May2026 17:05:04.963] [Server thread/INFO] [com.teampotato.redirector.Redirector/]: Redirecting net/minecraft/server/level/FullChunkStatus
[22May2026 17:05:05.021] [Server thread/INFO] [com.teampotato.redirector.Redirector/]: Redirecting net/minecraft/world/level/levelgen/WorldgenRandom$Algorithm
[22May2026 17:05:05.530] [Server thread/INFO] [com.teampotato.redirector.Redirector/]: Redirecting net/minecraft/world/level/LightLayer
[22May2026 17:05:05.687] [Server thread/INFO] [com.teampotato.redirector.Redirector/]: Redirecting net/minecraft/world/scores/Team$Visibility
[22May2026 17:05:05.688] [Server thread/INFO] [com.teampotato.redirector.Redirector/]: Redirecting net/minecraft/world/scores/Team$CollisionRule
[22May2026 17:05:05.690] [Server thread/INFO] [com.teampotato.redirector.Redirector/]: Redirecting net/minecraft/network/protocol/game/ClientboundSetPlayerTeamPacket$Action
[22May2026 17:05:05.700] [Server thread/INFO] [com.teampotato.redirector.Redirector/]: Redirecting net/minecraft/world/BossEvent$BossBarColor
[22May2026 17:05:05.701] [Server thread/INFO] [com.teampotato.redirector.Redirector/]: Redirecting net/minecraft/world/BossEvent$BossBarOverlay
[22May2026 17:05:05.710] [Server thread/INFO] [com.teampotato.redirector.Redirector/]: Redirecting net/minecraft/world/level/lighting/LayerLightEventListener$DummyLightLayerEventListener
[22May2026 17:05:05.752] [Server thread/INFO] [net.minecraft.server.MinecraftServer/]: Preparing start region for dimension minecraft:overworld
[22May2026 17:05:05.894] [Server thread/INFO] [com.teampotato.redirector.Redirector/]: Redirecting net/minecraft/world/level/EmptyBlockGetter
[22May2026 17:05:05.895] [Server thread/INFO] [com.teampotato.redirector.Redirector/]: Redirecting net/minecraft/core/Direction8
[22May2026 17:05:06.104] [Server thread/INFO] [com.teampotato.redirector.Redirector/]: Redirecting ca/spottedleaf/starlight/common/light/StarLightEngine$AxisDirection
[22May2026 17:05:06.370] [Server thread/INFO] [com.teampotato.redirector.Redirector/]: Redirecting net/minecraft/world/entity/ai/village/poi/PoiManager$Occupancy
[22May2026 17:05:06.392] [Server thread/INFO] [net.minecraft.server.level.progress.LoggerChunkProgressListener/]: Preparing spawn area: 0%
[22May2026 17:05:06.393] [Server thread/INFO] [net.minecraft.server.level.progress.LoggerChunkProgressListener/]: Preparing spawn area: 0%
[22May2026 17:05:06.614] [Server thread/INFO] [com.teampotato.redirector.Redirector/]: Redirecting net/minecraft/world/level/block/SupportType
[22May2026 17:05:06.686] [Server thread/INFO] [com.teampotato.redirector.Redirector/]: Redirecting net/minecraft/core/AxisCycle
[22May2026 17:05:06.784] [Server thread/INFO] [net.minecraft.server.level.progress.LoggerChunkProgressListener/]: Preparing spawn area: 0%
[22May2026 17:05:07.045] [Server thread/INFO] [com.teampotato.redirector.Redirector/]: Redirecting net/minecraft/world/entity/ai/control/MoveControl$Operation
[22May2026 17:05:07.400] [Server thread/INFO] [net.minecraft.server.level.progress.LoggerChunkProgressListener/]: Preparing spawn area: 9%
[22May2026 17:05:07.756] [Server thread/INFO] [net.minecraft.server.level.progress.LoggerChunkProgressListener/]: Preparing spawn area: 23%
[22May2026 17:05:08.258] [Server thread/INFO] [net.minecraft.server.level.progress.LoggerChunkProgressListener/]: Preparing spawn area: 28%
[22May2026 17:05:08.755] [Server thread/INFO] [net.minecraft.server.level.progress.LoggerChunkProgressListener/]: Preparing spawn area: 84%
[22May2026 17:05:08.796] [Server thread/INFO] [com.teampotato.redirector.Redirector/]: Redirecting yesman/epicfight/data/conditions/entity/HealthPoint$Comparator
[22May2026 17:05:08.894] [Server thread/INFO] [com.teampotato.redirector.Redirector/]: Redirecting net/minecraft/world/entity/ai/memory/MemoryStatus
[22May2026 17:05:08.895] [Server thread/INFO] [com.teampotato.redirector.Redirector/]: Redirecting net/minecraft/world/entity/ai/behavior/Behavior$Status
[22May2026 17:05:08.928] [Server thread/INFO] [com.teampotato.redirector.Redirector/]: Redirecting net/minecraft/world/entity/ai/behavior/GateBehavior$OrderPolicy
[22May2026 17:05:08.930] [Server thread/INFO] [com.teampotato.redirector.Redirector/]: Redirecting net/minecraft/world/entity/ai/behavior/GateBehavior$RunningPolicy
[22May2026 17:05:08.941] [Server thread/INFO] [com.teampotato.redirector.Redirector/]: Redirecting net/minecraft/world/entity/animal/frog/ShootTongue$State
[22May2026 17:05:08.983] [Server thread/INFO] [net.minecraft.server.level.progress.LoggerChunkProgressListener/]: Time elapsed: 3231 ms
[22May2026 17:05:08.983] [Server thread/INFO] [net.minecraft.server.dedicated.DedicatedServer/]: Done (5.225s)! For help, type "help"
[22May2026 17:05:09.185] [Server thread/INFO] [net.minecraftforge.server.permission.PermissionAPI/]: Successfully initialized permission handler forge:default_handler
[22May2026 17:05:09.186] [Server thread/INFO] [net.mint_gaming_studios.recased.data.CaseDataManager/]: Loaded case data: special
[22May2026 17:05:09.214] [Server thread/INFO] [com.finderfeed.fdlib.FDLib/]: Loading FD configs...
[22May2026 17:05:09.215] [Server thread/INFO] [com.finderfeed.fdlib.FDLib/]: Loading config fdbosses:bosses
[22May2026 17:05:09.250] [Server thread/INFO] [com.finderfeed.fdlib.FDLib/]: Loading config fdbosses:bosses_clientside
[22May2026 17:05:09.264] [Server thread/INFO] [com.finderfeed.fdlib.FDLib/]: Loading config fdlib:test
[22May2026 17:05:09.265] [Server thread/INFO] [com.finderfeed.fdlib.FDLib/]: Loading config fdlib:fdlib_client
[22May2026 17:05:09.265] [Server thread/INFO] [com.finderfeed.fdlib.FDLib/]: Loaded FD configs.
[22May2026 17:05:09.548] [Server thread/WARN] [net.minecraft.network.syncher.SynchedEntityData/]: defineId called for: class net.minecraft.world.entity.player.Player from class tschipp.carryon.common.carry.CarryOnDataManager
[22May2026 17:05:09.605] [Server thread/WARN] [ModernFix/]: Dedicated server took 65.371 seconds to load
[22May2026 17:05:09.717] [Server thread/INFO] [com.teampotato.redirector.Redirector/]: Redirecting net/minecraft/util/AbortableIterationConsumer$Continuation
[22May2026 17:05:09.735] [Server thread/INFO] [com.teampotato.redirector.Redirector/]: Redirecting net/minecraft/world/entity/RelativeMovement
[22May2026 17:05:09.768] [Server thread/INFO] [com.teampotato.redirector.Redirector/]: Redirecting glitchcore/event/TickEvent$Phase
[22May2026 17:05:10.421] [Server thread/INFO] [com.teampotato.redirector.Redirector/]: Redirecting net/minecraft/world/level/chunk/LevelChunk$EntityCreationType
[22May2026 17:06:06.788] [Netty Epoll Server IO #2/INFO] [com.teampotato.redirector.Redirector/]: Redirecting net/minecraftforge/network/ConnectionType
[22May2026 17:06:06.852] [Netty Epoll Server IO #2/INFO] [com.teampotato.redirector.Redirector/]: Redirecting net/minecraft/server/network/ServerLoginPacketListenerImpl$State
[22May2026 17:06:09.752] [Server thread/INFO] [com.teampotato.redirector.Redirector/]: Redirecting dev/hexnowloading/dungeonnowloading/item/client/DNLArmPose
[22May2026 17:06:09.777] [Server thread/INFO] [com.teampotato.redirector.Redirector/]: Redirecting tschipp/carryon/common/carry/CarryOnData$CarryType
[22May2026 17:06:09.794] [Server thread/INFO] [net.minecraft.server.players.PlayerList/]: b3njaxx_11[/10.102.234.175:50935] logged in with entity id 340 at (8203.948187157135, 133.0, -4988.6867174806075)
[22May2026 17:06:09.800] [Server thread/INFO] [com.teampotato.redirector.Redirector/]: Redirecting net/minecraftforge/network/filters/VanillaPacketSplitter$RemoteCompatibility
[22May2026 17:06:09.828] [Server thread/INFO] [com.teampotato.redirector.Redirector/]: Redirecting yesman/epicfight/network/server/SPDatapackSync$Type
[22May2026 17:06:09.865] [Server thread/INFO] [com.teampotato.redirector.Redirector/]: Redirecting net/mehvahdjukaar/supplementaries/common/misc/globe/GlobeTextureGenerator$Face
[22May2026 17:06:09.866] [Server thread/INFO] [com.teampotato.redirector.Redirector/]: Redirecting net/mehvahdjukaar/supplementaries/common/misc/globe/GlobeTextureGenerator$TerrainType
[22May2026 17:06:09.866] [Server thread/INFO] [com.teampotato.redirector.Redirector/]: Redirecting net/mehvahdjukaar/supplementaries/common/misc/globe/GlobeTextureGenerator$Biome
[22May2026 17:06:09.867] [Server thread/INFO] [com.teampotato.redirector.Redirector/]: Redirecting net/mehvahdjukaar/supplementaries/common/misc/globe/GlobeTextureGenerator$Feature
[22May2026 17:06:09.872] [Server thread/INFO] [com.teampotato.redirector.Redirector/]: Redirecting net/mehvahdjukaar/supplementaries/common/utils/MiscUtils$Festivity
[22May2026 17:06:09.915] [Server thread/INFO] [ModernFix/]: Using enhanced recipe sync for player b3njaxx_11
[22May2026 17:06:09.970] [Server thread/INFO] [net.minecraft.server.MinecraftServer/]: b3njaxx_11 joined the game
[22May2026 17:06:10.016] [Server thread/INFO] [com.teampotato.redirector.Redirector/]: Redirecting net/minecraftforge/event/entity/player/AdvancementEvent$AdvancementProgressEvent$ProgressType
[22May2026 17:06:10.023] [Server thread/INFO] [com.teampotato.redirector.Redirector/]: Redirecting net/minecraft/server/commands/AdvancementCommands$Action
[22May2026 17:06:10.169] [Server thread/INFO] [com.teampotato.redirector.Redirector/]: Redirecting tictim/paraglider/network/Kind
[22May2026 17:06:10.621] [Netty Epoll Server IO #2/INFO] [com.teampotato.redirector.Redirector/]: Redirecting net/minecraftforge/network/NetworkEvent$RegistrationChangeType
[22May2026 17:06:10.771] [Server thread/INFO] [com.teampotato.redirector.Redirector/]: Redirecting net/minecraft/server/advancements/AdvancementVisibilityEvaluator$VisibilityRule
[22May2026 17:06:10.797] [Server thread/INFO] [com.teampotato.redirector.Redirector/]: Redirecting com/bobmowzie/mowziesmobs/server/ability/AbilityHandler
[22May2026 17:06:10.815] [Server thread/INFO] [com.teampotato.redirector.Redirector/]: Redirecting com/bobmowzie/mowziesmobs/server/ability/AbilitySection$AbilitySectionType
[22May2026 17:06:10.817] [Server thread/INFO] [com.teampotato.redirector.Redirector/]: Redirecting com/bobmowzie/mowziesmobs/server/entity/effects/geomancy/EntityGeomancyBase$GeomancyTier
[22May2026 17:06:10.880] [Server thread/INFO] [com.teampotato.redirector.Redirector/]: Redirecting top/theillusivec4/curios/common/network/server/sync/SPacketSyncStack$HandlerType
[22May2026 17:06:11.193] [Server thread/INFO] [com.teampotato.redirector.Redirector/]: Redirecting net/p3pp3rf1y/sophisticatedcore/renderdata/DisplaySide
[22May2026 17:06:11.215] [Server thread/INFO] [com.teampotato.redirector.Redirector/]: Redirecting be/florens/expandability/EventResult
[22May2026 17:06:11.277] [Server thread/INFO] [com.teampotato.redirector.Redirector/]: Redirecting net/p3pp3rf1y/sophisticatedcore/renderdata/TankPosition
[22May2026 17:06:11.285] [Server thread/INFO] [com.teampotato.redirector.Redirector/]: Redirecting net/minecraft/world/entity/MoverType
[22May2026 17:06:11.289] [Server thread/INFO] [com.teampotato.redirector.Redirector/]: Redirecting net/minecraft/world/entity/Entity$MovementEmission
[22May2026 17:06:11.755] [Server thread/INFO] [com.teampotato.redirector.Redirector/]: Redirecting net/minecraft/world/entity/ai/gossip/GossipType
[22May2026 17:06:11.872] [Server thread/INFO] [com.teampotato.redirector.Redirector/]: Redirecting net/minecraft/util/profiling/metrics/MetricCategory
[22May2026 17:06:12.003] [Server thread/INFO] [com.teampotato.redirector.Redirector/]: Redirecting net/minecraft/world/level/ClipContext$Block
[22May2026 17:06:12.007] [Server thread/INFO] [com.teampotato.redirector.Redirector/]: Redirecting net/minecraft/world/phys/HitResult$Type
[22May2026 17:06:12.371] [Server thread/INFO] [com.teampotato.redirector.Redirector/]: Redirecting org/violetmoon/zeta/event/bus/ZResult
[22May2026 17:06:14.414] [Server thread/INFO] [com.teampotato.redirector.Redirector/]: Redirecting com/github/alexthe666/citadel/server/entity/pathfinding/raycoms/AdvancedPathNavigate$MovementType
[22May2026 17:06:15.207] [Server thread/INFO] [com.teampotato.redirector.Redirector/]: Redirecting net/minecraft/world/level/gameevent/GameEventListener$DeliveryMode
[22May2026 17:06:16.858] [Server thread/INFO] [com.teampotato.redirector.Redirector/]: Redirecting net/minecraft/world/entity/monster/SpellcasterIllager$IllagerSpell
[22May2026 17:06:19.601] [Server thread/INFO] [com.teampotato.redirector.Redirector/]: Redirecting net/minecraft/world/level/block/RenderShape
[22May2026 17:06:23.902] [Server thread/INFO] [com.teampotato.redirector.Redirector/]: Redirecting net/minecraft/network/chat/FilterMask$Type
[22May2026 17:06:23.923] [Server thread/INFO] [net.minecraft.server.MinecraftServer/]: [Not Secure] <b3njaxx_11> a
[22May2026 17:06:40.492] [Server thread/INFO] [com.teampotato.redirector.Redirector/]: Redirecting org/violetmoon/quark/api/event/SimpleHarvestEvent$ActionType
[22May2026 17:06:40.494] [Server thread/INFO] [com.teampotato.redirector.Redirector/]: Redirecting net/minecraft/world/level/block/DoubleBlockCombiner$BlockType
[22May2026 17:07:09.559] [Server thread/INFO] [com.teampotato.redirector.Redirector/]: Redirecting net/minecraft/server/commands/AdvancementCommands$Mode
[22May2026 17:07:15.645] [Server thread/INFO] [com.teampotato.redirector.Redirector/]: Redirecting tictim/paraglider/impl/vessel/SimpleVesselContainer$ActionType
[22May2026 17:07:20.030] [Server thread/INFO] [com.teampotato.redirector.Redirector/]: Redirecting com/github/alexthe666/citadel/animation/AnimationHandler
[22May2026 17:07:41.865] [Server thread/INFO] [com.teampotato.redirector.Redirector/]: Redirecting net/minecraft/world/level/block/entity/BeehiveBlockEntity$BeeReleaseStatus
[22May2026 17:08:49.728] [Server thread/INFO] [net.minecraft.server.MinecraftServer/]: [Not Secure] <b3njaxx_11> a
[22May2026 17:08:56.817] [Server thread/INFO] [net.minecraft.server.network.ServerGamePacketListenerImpl/]: b3njaxx_11 lost connection: Disconnected
[22May2026 17:08:56.817] [Server thread/INFO] [net.minecraft.server.MinecraftServer/]: b3njaxx_11 left the game
[22May2026 17:09:07.987] [Server thread/INFO] [net.minecraft.server.players.PlayerList/]: b3njaxx_11[/10.102.234.175:50945] logged in with entity id 976 at (8205.814493789781, 133.0, -4990.75016792164)
[22May2026 17:09:08.004] [Server thread/INFO] [ModernFix/]: Using enhanced recipe sync for player b3njaxx_11
[22May2026 17:09:08.021] [Server thread/INFO] [net.minecraft.server.MinecraftServer/]: b3njaxx_11 joined the game
[22May2026 17:09:28.928] [Server thread/INFO] [net.minecraft.server.MinecraftServer/]: [Not Secure] <b3njaxx_11> a
[22May2026 17:10:28.045] [Server thread/INFO] [com.teampotato.redirector.Redirector/]: Redirecting net/p3pp3rf1y/sophisticatedbackpacks/common/gui/BackpackContext$ContextType
[22May2026 17:10:58.859] [Server thread/INFO] [fastsuite/]: Constructed recipe list for minecraft:crafting in 3.719 ms. 3792/3883 recipes are parallelized.
[22May2026 17:12:39.627] [Server thread/INFO] [fastsuite/]: Constructed recipe list for minecraft:smithing in 89.67 μs. 181/200 recipes are parallelized.
[22May2026 17:13:26.715] [Server thread/INFO] [com.teampotato.redirector.Redirector/]: Redirecting net/minecraftforge/event/entity/living/LivingChangeTargetEvent$LivingTargetType
[22May2026 17:13:32.015] [Server thread/INFO] [com.teampotato.redirector.Redirector/]: Redirecting net/minecraftforge/event/entity/ProjectileImpactEvent$ImpactResult
[22May2026 17:13:40.482] [Server thread/INFO] [com.teampotato.redirector.Redirector/]: Redirecting org/primal/entity/animal/SnakeEntity$SnakeState
[22May2026 17:13:40.484] [Server thread/INFO] [com.teampotato.redirector.Redirector/]: Redirecting org/primal/entity/animal/SnakeEntity$SnakeEffect
[22May2026 17:14:10.070] [Server thread/INFO] [com.teampotato.redirector.Redirector/]: Redirecting yesman/epicfight/skill/guard/GuardSkill$BlockType
[22May2026 17:14:22.071] [Server thread/INFO] [net.minecraft.server.MinecraftServer/]: [Not Secure] <b3njaxx_11> a
[22May2026 17:17:52.674] [Server thread/INFO] [net.minecraft.server.MinecraftServer/]: [b3njaxx_11: Set own game mode to Spectator Mode]
[22May2026 17:18:02.979] [Server thread/INFO] [net.minecraft.server.MinecraftServer/]: [b3njaxx_11: Set own game mode to Survival Mode]
[22May2026 17:18:18.244] [Server thread/INFO] [net.minecraft.server.MinecraftServer/]: [Not Secure] <b3njaxx_11> a
[22May2026 17:18:21.823] [Server thread/INFO] [net.minecraft.server.network.ServerGamePacketListenerImpl/]: b3njaxx_11 lost connection: Disconnected
[22May2026 17:18:21.824] [Server thread/INFO] [net.minecraft.server.MinecraftServer/]: b3njaxx_11 left the game
[22May2026 17:18:30.531] [Server thread/INFO] [net.minecraft.server.players.PlayerList/]: b3njaxx_11[/10.102.234.175:51055] logged in with entity id 3408 at (8100.706755737233, 121.0, -4960.31288343437)
[22May2026 17:18:30.546] [Server thread/INFO] [ModernFix/]: Using enhanced recipe sync for player b3njaxx_11
[22May2026 17:18:30.560] [Server thread/INFO] [net.minecraft.server.MinecraftServer/]: b3njaxx_11 joined the game
[22May2026 17:19:18.991] [Server thread/INFO] [net.minecraft.server.players.PlayerList/]: El_banano[/10.102.234.166:50111] logged in with entity id 3974 at (8194.275112705167, 133.0, -4989.012503542157)
[22May2026 17:19:19.005] [Server thread/INFO] [ModernFix/]: Using enhanced recipe sync for player El_banano
[22May2026 17:19:19.020] [Server thread/INFO] [net.minecraft.server.MinecraftServer/]: El_banano joined the game
[22May2026 17:19:19.713] [Server thread/INFO] [net.minecraft.server.network.ServerGamePacketListenerImpl/]: El_banano lost connection: Disconnected
[22May2026 17:19:19.714] [Server thread/INFO] [net.minecraft.server.MinecraftServer/]: El_banano left the game
[22May2026 17:19:29.089] [Server thread/INFO] [net.minecraft.server.players.PlayerList/]: El_banano[/10.102.234.166:50119] logged in with entity id 4010 at (8194.275112705167, 133.0, -4989.012503542157)
[22May2026 17:19:29.102] [Server thread/INFO] [ModernFix/]: Using enhanced recipe sync for player El_banano
[22May2026 17:19:29.113] [Server thread/INFO] [net.minecraft.server.MinecraftServer/]: El_banano joined the game
[22May2026 17:20:25.952] [Server thread/INFO] [net.minecraft.server.MinecraftServer/]: [Not Secure] <El_banano> dsa
[22May2026 17:20:27.773] [Server thread/INFO] [net.minecraft.server.MinecraftServer/]: [Not Secure] <b3njaxx_11> a
[22May2026 17:20:48.275] [Server thread/INFO] [net.minecraft.server.network.ServerGamePacketListenerImpl/]: b3njaxx_11 lost connection: Disconnected
[22May2026 17:20:48.278] [Server thread/INFO] [net.minecraft.server.MinecraftServer/]: b3njaxx_11 left the game
[22May2026 17:20:58.263] [Server thread/INFO] [net.minecraft.server.players.PlayerList/]: b3njaxx_11[/10.102.234.175:51117] logged in with entity id 4482 at (8099.913917368667, 122.0, -4955.861737964321)
[22May2026 17:20:58.279] [Server thread/INFO] [ModernFix/]: Using enhanced recipe sync for player b3njaxx_11
[22May2026 17:20:58.290] [Server thread/INFO] [net.minecraft.server.MinecraftServer/]: b3njaxx_11 joined the game
[22May2026 17:21:32.232] [Server thread/INFO] [net.minecraft.server.MinecraftServer/]: [Not Secure] <b3njaxx_11> a
[22May2026 17:22:25.411] [Server thread/INFO] [net.minecraft.server.MinecraftServer/]: El_banano was slain by Zombie
[22May2026 17:22:25.415] [Server thread/INFO] [gravestone/]: The death ID of player El_banano is 81786433-b4bf-486a-b6fe-989e4c13a6c4
[22May2026 17:22:27.364] [Server thread/INFO] [net.minecraft.server.MinecraftServer/]: [Not Secure] <b3njaxx_11> e
[22May2026 17:22:27.851] [Server thread/INFO] [com.teampotato.redirector.Redirector/]: Redirecting tictim/paraglider/api/vessel/VesselContainer$SetResult
[22May2026 17:22:33.245] [Server thread/INFO] [net.minecraft.server.MinecraftServer/]: [El_banano: Teleported El_banano to b3njaxx_11]
[22May2026 17:23:05.699] [Server thread/INFO] [net.minecraft.server.MinecraftServer/]: [Not Secure] <b3njaxx_11> a
[22May2026 17:23:42.523] [Server thread/INFO] [net.minecraft.server.network.ServerGamePacketListenerImpl/]: b3njaxx_11 lost connection: Disconnected
[22May2026 17:23:42.524] [Server thread/INFO] [net.minecraft.server.MinecraftServer/]: b3njaxx_11 left the game
[22May2026 17:23:51.238] [Server thread/INFO] [net.minecraft.server.MinecraftServer/]: [El_banano: Set own game mode to Spectator Mode]
[22May2026 17:23:53.143] [Server thread/INFO] [net.minecraft.server.players.PlayerList/]: b3njaxx_11[/10.102.234.175:51130] logged in with entity id 5735 at (8099.913917368667, 122.0, -4955.861737964321)
[22May2026 17:23:53.157] [Server thread/INFO] [ModernFix/]: Using enhanced recipe sync for player b3njaxx_11
[22May2026 17:23:53.167] [Server thread/INFO] [net.minecraft.server.MinecraftServer/]: b3njaxx_11 joined the game
[22May2026 17:24:18.488] [Server thread/INFO] [net.minecraft.server.MinecraftServer/]: [Not Secure] <b3njaxx_11> a
[22May2026 17:24:49.297] [Server thread/INFO] [net.minecraft.server.MinecraftServer/]: [Not Secure] <b3njaxx_11> e
[22May2026 17:25:14.592] [Server thread/INFO] [net.minecraft.server.network.ServerGamePacketListenerImpl/]: El_banano lost connection: Kicked by an operator
[22May2026 17:25:14.592] [Server thread/INFO] [net.minecraft.server.MinecraftServer/]: El_banano left the game
[22May2026 17:25:14.615] [Server thread/INFO] [net.minecraft.server.MinecraftServer/]: [b3njaxx_11: Kicked El_banano: Kicked by an operator]
[22May2026 17:25:14.649] [Server thread/WARN] [net.minecraft.network.Connection/]: handleDisconnection() called twice
[22May2026 17:25:57.340] [Server thread/INFO] [net.minecraft.server.MinecraftServer/]: [Not Secure] <b3njaxx_11> a
[22May2026 17:26:12.764] [Server thread/WARN] [net.minecraft.server.MinecraftServer/]: Can't keep up! Is the server overloaded? Running 2005ms or 40 ticks behind
[22May2026 17:26:36.997] [Server thread/INFO] [net.minecraft.server.network.ServerGamePacketListenerImpl/]: b3njaxx_11 lost connection: Disconnected
[22May2026 17:26:36.998] [Server thread/INFO] [net.minecraft.server.MinecraftServer/]: b3njaxx_11 left the game
[22May2026 17:26:49.473] [Server thread/INFO] [net.minecraft.server.players.PlayerList/]: b3njaxx_11[/10.102.234.175:51184] logged in with entity id 6028 at (8099.913917368667, 122.0, -4955.861737964321)
[22May2026 17:26:49.485] [Server thread/INFO] [ModernFix/]: Using enhanced recipe sync for player b3njaxx_11
[22May2026 17:26:49.493] [Server thread/INFO] [net.minecraft.server.MinecraftServer/]: b3njaxx_11 joined the game
[22May2026 17:27:55.515] [Server thread/INFO] [com.teampotato.redirector.Redirector/]: Redirecting net/minecraft/world/entity/projectile/AbstractArrow$Pickup
[22May2026 17:28:27.446] [Server thread/INFO] [net.minecraft.server.network.ServerGamePacketListenerImpl/]: b3njaxx_11 lost connection: Disconnected
[22May2026 17:28:27.446] [Server thread/INFO] [net.minecraft.server.MinecraftServer/]: b3njaxx_11 left the game
[22May2026 17:28:57.922] [Server thread/INFO] [net.minecraft.server.players.PlayerList/]: b3njaxx_11[/10.102.234.175:51197] logged in with entity id 7046 at (8099.913917368667, 122.0, -4955.861737964321)
[22May2026 17:28:57.934] [Server thread/INFO] [ModernFix/]: Using enhanced recipe sync for player b3njaxx_11
[22May2026 17:28:57.942] [Server thread/INFO] [net.minecraft.server.MinecraftServer/]: b3njaxx_11 joined the game
[22May2026 17:29:03.554] [Server thread/INFO] [net.minecraft.server.MinecraftServer/]: b3njaxx_11 was slain by Zombie
[22May2026 17:29:03.555] [Server thread/INFO] [gravestone/]: The death ID of player b3njaxx_11 is 89f1b56c-f65c-4a83-bf47-4957f0befb8e
[22May2026 17:29:16.074] [Server thread/INFO] [net.minecraft.server.MinecraftServer/]: [b3njaxx_11: Set own game mode to Creative Mode]
[22May2026 17:29:28.638] [Server thread/INFO] [net.minecraft.server.MinecraftServer/]: [Not Secure] <b3njaxx_11> a
[22May2026 17:30:19.656] [Server thread/INFO] [net.minecraft.server.MinecraftServer/]: [Not Secure] <b3njaxx_11> a
[22May2026 17:31:33.186] [Server thread/INFO] [net.minecraft.server.MinecraftServer/]: [Not Secure] <b3njaxx_11> a
[22May2026 17:32:42.335] [Server thread/INFO] [net.minecraft.server.MinecraftServer/]: [b3njaxx_11: Set own game mode to Survival Mode]
[22May2026 17:33:22.949] [Server thread/INFO] [net.minecraft.server.players.PlayerList/]: El_banano[/10.102.234.166:50567] logged in with entity id 47924 at (8098.894858613661, 122.0, -4955.632609146697)
[22May2026 17:33:22.962] [Server thread/INFO] [ModernFix/]: Using enhanced recipe sync for player El_banano
[22May2026 17:33:22.973] [Server thread/INFO] [net.minecraft.server.MinecraftServer/]: El_banano joined the game
[22May2026 17:33:32.307] [Server thread/INFO] [net.minecraft.server.MinecraftServer/]: [Not Secure] <El_banano> contesta el ma,ldito telefono
[22May2026 17:33:35.829] [Server thread/INFO] [net.minecraft.server.MinecraftServer/]: [Not Secure] <El_banano> puñeta
[22May2026 17:33:41.041] [Server thread/INFO] [net.minecraft.server.MinecraftServer/]: [El_banano: Set own game mode to Survival Mode]
[22May2026 17:34:10.687] [Server thread/INFO] [net.minecraft.server.MinecraftServer/]: [b3njaxx_11: Set own game mode to Creative Mode]
[22May2026 17:35:34.128] [Server thread/INFO] [com.teampotato.redirector.Redirector/]: Redirecting com/github/alexthe666/citadel/server/entity/pathfinding/raycoms/PathFindingStatus
[22May2026 17:35:34.128] [Server thread/INFO] [com.teampotato.redirector.Redirector/]: Redirecting com/github/alexthe666/citadel/server/entity/pathfinding/raycoms/AbstractAdvancedPathNavigate$RestrictionType
[22May2026 17:35:34.140] [Citadel Pathfinding Worker #0/INFO] [com.teampotato.redirector.Redirector/]: Redirecting com/github/alexthe666/citadel/server/entity/pathfinding/raycoms/SurfaceType
[22May2026 17:36:00.282] [Server thread/INFO] [net.minecraft.server.MinecraftServer/]: [Not Secure] <b3njaxx_11> a
[22May2026 17:36:04.902] [Server thread/INFO] [net.minecraft.server.MinecraftServer/]: [b3njaxx_11: Set own game mode to Survival Mode]
[22May2026 17:36:10.223] [Server thread/INFO] [net.minecraft.server.network.ServerGamePacketListenerImpl/]: b3njaxx_11 lost connection: Disconnected
[22May2026 17:36:10.224] [Server thread/INFO] [net.minecraft.server.MinecraftServer/]: b3njaxx_11 left the game
[22May2026 17:37:37.583] [Server thread/INFO] [com.teampotato.redirector.Redirector/]: Redirecting org/violetmoon/quark/base/handler/SortingHandler$ItemType
[22May2026 17:37:46.034] [Server thread/INFO] [net.minecraft.server.players.PlayerList/]: b3njaxx_11[/10.102.234.175:63701] logged in with entity id 49292 at (8101.800624972725, 119.03125, -4950.801330315682)
[22May2026 17:37:46.046] [Server thread/INFO] [ModernFix/]: Using enhanced recipe sync for player b3njaxx_11
[22May2026 17:37:46.056] [Server thread/INFO] [net.minecraft.server.MinecraftServer/]: b3njaxx_11 joined the game
[22May2026 17:38:36.323] [Server thread/INFO] [net.minecraft.server.MinecraftServer/]: [b3njaxx_11: Set own game mode to Creative Mode]
[22May2026 17:38:43.889] [Server thread/INFO] [net.minecraft.server.network.ServerGamePacketListenerImpl/]: b3njaxx_11 lost connection: Disconnected
[22May2026 17:38:43.889] [Server thread/INFO] [net.minecraft.server.MinecraftServer/]: b3njaxx_11 left the game
[22May2026 17:38:51.939] [Server thread/INFO] [net.minecraft.server.players.PlayerList/]: b3njaxx_11[/10.102.234.175:63708] logged in with entity id 49637 at (8101.708935441394, 119.0, -4951.401999816322)
[22May2026 17:38:51.952] [Server thread/INFO] [ModernFix/]: Using enhanced recipe sync for player b3njaxx_11
[22May2026 17:38:51.961] [Server thread/INFO] [net.minecraft.server.MinecraftServer/]: b3njaxx_11 joined the game
[22May2026 17:39:56.539] [Server thread/INFO] [net.minecraft.server.MinecraftServer/]: [Not Secure] <b3njaxx_11> a
[22May2026 17:40:49.288] [Server thread/INFO] [net.minecraft.server.MinecraftServer/]: [Not Secure] <b3njaxx_11> a
[22May2026 17:41:03.841] [Server thread/INFO] [net.minecraft.server.MinecraftServer/]: [b3njaxx_11: Set own game mode to Survival Mode]
[22May2026 17:42:35.420] [Server thread/INFO] [com.teampotato.redirector.Redirector/]: Redirecting com/chirptheboy/disenchanting/block/disenchant/TileDisenchant$Fields
[22May2026 17:44:39.819] [Server thread/INFO] [net.minecraft.server.MinecraftServer/]: El_banano was struck down by Legioner
[22May2026 17:44:39.821] [Server thread/INFO] [gravestone/]: The death ID of player El_banano is fca39379-beb2-4a44-87c8-41fb9833f2dd
[22May2026 17:44:56.964] [Server thread/INFO] [com.teampotato.redirector.Redirector/]: Redirecting net/minecraft/world/level/Level$ExplosionInteraction
[22May2026 17:44:56.965] [Server thread/INFO] [com.teampotato.redirector.Redirector/]: Redirecting net/minecraft/world/level/Explosion$BlockInteraction
[22May2026 17:45:11.569] [Server thread/INFO] [net.minecraft.server.network.ServerGamePacketListenerImpl/]: El_banano lost connection: Timed out
[22May2026 17:45:11.569] [Server thread/INFO] [net.minecraft.server.MinecraftServer/]: El_banano left the game
[22May2026 17:45:34.486] [Server thread/INFO] [net.minecraft.server.MinecraftServer/]: b3njaxx_11 has made the advancement [Tallman]
[22May2026 17:45:48.054] [Server thread/INFO] [net.minecraft.server.MinecraftServer/]: [b3njaxx_11: Set own game mode to Spectator Mode]
[22May2026 17:46:11.070] [Server thread/INFO] [net.minecraft.server.MinecraftServer/]: [Not Secure] <b3njaxx_11> a
[22May2026 17:46:20.514] [Server thread/INFO] [net.minecraft.server.MinecraftServer/]: [Not Secure] <b3njaxx_11> e
[22May2026 17:46:23.284] [Server thread/INFO] [net.minecraft.server.MinecraftServer/]: [b3njaxx_11: Set own game mode to Survival Mode]
[22May2026 17:47:12.492] [Server thread/INFO] [net.minecraft.server.MinecraftServer/]: [b3njaxx_11: Set own game mode to Spectator Mode]
[22May2026 17:47:14.214] [Server thread/INFO] [net.minecraft.server.MinecraftServer/]: [b3njaxx_11: Set own game mode to Creative Mode]
[22May2026 17:47:15.114] [Server thread/INFO] [net.minecraft.server.network.ServerGamePacketListenerImpl/]: b3njaxx_11 lost connection: Disconnected
[22May2026 17:47:15.114] [Server thread/INFO] [net.minecraft.server.MinecraftServer/]: b3njaxx_11 left the game
[22May2026 17:47:22.373] [Server thread/INFO] [net.minecraft.server.players.PlayerList/]: El_banano[/10.102.234.166:61857] logged in with entity id 52095 at (8205.300000011921, 133.125, -4991.699999988079)
[22May2026 17:47:22.387] [Server thread/INFO] [ModernFix/]: Using enhanced recipe sync for player El_banano
[22May2026 17:47:22.397] [Server thread/INFO] [net.minecraft.server.MinecraftServer/]: El_banano joined the game
[22May2026 17:47:24.125] [Server thread/INFO] [net.minecraft.server.players.PlayerList/]: b3njaxx_11[/10.102.234.175:63818] logged in with entity id 52223 at (8234.924351539266, 155.0, -5151.006851853783)
[22May2026 17:47:24.139] [Server thread/INFO] [ModernFix/]: Using enhanced recipe sync for player b3njaxx_11
[22May2026 17:47:24.147] [Server thread/INFO] [net.minecraft.server.MinecraftServer/]: b3njaxx_11 joined the game
[22May2026 17:47:31.117] [Server thread/INFO] [net.minecraft.server.MinecraftServer/]: [Not Secure] <b3njaxx_11> a
[22May2026 17:47:42.918] [Server thread/INFO] [net.minecraft.server.MinecraftServer/]: [b3njaxx_11: Set own game mode to Survival Mode]
[22May2026 17:47:49.888] [Server thread/INFO] [com.teampotato.redirector.Redirector/]: Redirecting net/minecraft/server/commands/SetBlockCommand$Mode
[22May2026 17:47:54.967] [Server thread/INFO] [net.minecraft.server.network.ServerGamePacketListenerImpl/]: El_banano lost connection: Timed out
[22May2026 17:47:54.968] [Server thread/INFO] [net.minecraft.server.MinecraftServer/]: El_banano left the game
